{
    "@odata.type": "#Connection.v1_3_2.Connection",
    "Id": "1",
    "Name": "Connection info for host 1",
    "ConnectionType": "Storage",
    "VolumeInfo": [
        {
            "AccessCapabilities": [
                "Read",
                "Write"
            ],
            "Volume": {
                "@odata.id": "/redfish/v1/Storage/NVMeoF/Volumes/1"
            }
        },
        {
            "AccessCapabilities": [
                "Read",
                "Write"
            ],
            "Volume": {
                "@odata.id": "/redfish/v1/Storage/NVMeoF/Volumes/3"
            }
        }
    ],
    "Links": {
        "InitiatorEndpoints": [
            {
                "@odata.id": "/redfish/v1/Fabrics/NVMeoF/Endpoints/Initiator1"
            }
        ]
    },
    "@odata.id": "/redfish/v1/Fabrics/NVMeoF/Connections/1",
    "@Redfish.Copyright": "Copyright 2014-2023 DMTF. For the full DMTF copyright policy, see http://www.dmtf.org/about/policies/copyright."
}