{
    "@odata.type": "#Sensor.v1_9_0.Sensor",
    "Id": "CPUTemp1",
    "Name": "CPU #1 Temperature",
    "PhysicalContext": "CPU",
    "Status": {
        "State": "Enabled",
        "Health": "OK"
    },
    "Reading": 37,
    "ReadingUnits": "Cel",
    "Thresholds": {
        "UpperCaution": {
            "Reading": 42,
            "DwellTime": "PT5M",
            "Activation": "Increasing"
        },
        "UpperCautionUser": {
            "Reading": 40
        },
        "UpperCriticalUser": {
            "Reading": 45,
            "DwellTime": "PT1M"
        },
        "UpperCritical": {
            "Reading": 45,
            "DwellTime": "PT5M",
            "Activation": "Increasing"
        },
        "UpperFatal": {
            "Reading": 50,
            "DwellTime": "PT30S",
            "Activation": "Increasing"
        }
    },
    "ReadingRangeMin": 0,
    "ReadingRangeMax": 75,
    "RelatedItem": [
        {
            "@odata.id": "/redfish/v1/Systems/437XR1138R2/Processors/CPU1"
        }
    ],
    "@odata.id": "/redfish/v1/Chassis/1U/Sensors/CPU1Temp",
    "@Redfish.Copyright": "Copyright 2014-2023 DMTF. For the full DMTF copyright policy, see http://www.dmtf.org/about/policies/copyright."
}