{
    "@odata.type": "#PowerSubsystem.v1_1_2.PowerSubsystem",
    "Id": "PowerSubsystem",
    "Name": "Power Subsystem for Chassis",
    "CapacityWatts": 2000,
    "Allocation": {
        "RequestedWatts": 1500,
        "AllocatedWatts": 1200
    },
    "PowerSupplyRedundancy": [
        {
            "RedundancyType": "Failover",
            "MaxSupportedInGroup": 2,
            "MinNeededInGroup": 1,
            "RedundancyGroup": [
                {
                    "@odata.id": "/redfish/v1/Chassis/1U/PowerSubsystem/PowerSupplies/Bay1"
                },
                {
                    "@odata.id": "/redfish/v1/Chassis/1U/PowerSubsystem/PowerSupplies/Bay2"
                }
            ],
            "Status": {
                "State": "UnavailableOffline",
                "Health": "OK"
            }
        }
    ],
    "PowerSupplies": {
        "@odata.id": "/redfish/v1/Chassis/1U/PowerSubsystem/PowerSupplies"
    },
    "Status": {
        "State": "Enabled",
        "Health": "OK"
    },
    "@odata.id": "/redfish/v1/Chassis/1U/PowerSubsystem",
    "@Redfish.Copyright": "Copyright 2014-2023 DMTF. For the full DMTF copyright policy, see http://www.dmtf.org/about/policies/copyright."
}