{
    "@odata.type": "#EthernetInterface.v1_12_1.EthernetInterface",
    "Id": "eth1",
    "Name": "Manager Ethernet Interface",
    "Description": "Management network interface on a shared port",
    "Status": {
        "State": "Enabled",
        "Health": "OK"
    },
    "LinkStatus": "LinkUp",
    "InterfaceEnabled": true,
    "PermanentMACAddress": "23:11:8A:33:CF:EB",
    "MACAddress": "23:11:8A:33:CF:EB",
    "SpeedMbps": 100,
    "AutoNeg": true,
    "FullDuplex": true,
    "MTUSize": 1500,
    "HostName": "web483-bmc",
    "FQDN": "web483-bmc.dmtf.org",
    "MaxIPv6StaticAddresses": 1,
    "VLAN": {
        "VLANEnable": true,
        "VLANId": 101
    },
    "IPv4Addresses": [
        {
            "Address": "192.168.4.10",
            "SubnetMask": "255.255.252.0",
            "AddressOrigin": "DHCP",
            "Gateway": "192.168.4.1"
        }
    ],
    "IPv6AddressPolicyTable": [
        {
            "Prefix": "::1/128",
            "Precedence": 50,
            "Label": 0
        }
    ],
    "IPv6StaticAddresses": [
        {
            "Address": "fe80::1ec1:deff:fe6f:1e24",
            "PrefixLength": 16
        }
    ],
    "IPv6DefaultGateway": "fe80::1ec1:deff:fe6f:1e24",
    "IPv6Addresses": [
        {
            "Address": "fe80::1ec1:deff:fe6f:1e24",
            "PrefixLength": 64,
            "AddressOrigin": "SLAAC",
            "AddressState": "Preferred"
        }
    ],
    "NameServers": [
        "names.dmtf.org"
    ],
    "Links": {
        "Ports": [
            {
                "@odata.id": "/redfish/v1/Chassis/1U/NetworkAdapters/Slot1/Ports/SC2KP1"
            }
        ]
    },
    "@Redfish.Settings": {
        "@odata.type": "#Settings.v1_4_0.Settings",
        "SettingsObject": {
            "@odata.id": "/redfish/v1/Managers/BMC/EthernetInterfaces/eth1/SD"
        },
        "Time": "2012-03-07T14:44.30-05:00",
        "ETag": "84ffcbb050ddc7fa9cddb59014546e59",
        "Messages": [
            {
                "MessageId": "Base.1.0.SettingsFailed",
                "RelatedProperties": [
                    "/IPv6Addresses/PrefixLength"
                ]
            }
        ]
    },
    "@odata.id": "/redfish/v1/Managers/BMC/EthernetInterfaces/eth1",
    "@Redfish.Copyright": "Copyright 2014-2023 DMTF. For the full DMTF copyright policy, see http://www.dmtf.org/about/policies/copyright."
}