{
    "@odata.type": "#SwitchCollection.SwitchCollection",
    "Name": "Switch Collection",
    "Members@odata.count": 2,
    "Members": [
        {
            "@odata.id": "/redfish/v1/Fabrics/SAS/Switches/Switch1"
        },
        {
            "@odata.id": "/redfish/v1/Fabrics/SAS/Switches/Switch2"
        }
    ],
    "@odata.id": "/redfish/v1/Fabrics/SAS/Switches",
    "@Redfish.Copyright": "Copyright 2014-2023 DMTF. For the full DMTF copyright policy, see http://www.dmtf.org/about/policies/copyright."
}