{
    "name": "Advanced Communication Devices",
    "description": "This example shows a server with an implementation of the Redfish advanced communication device (ACD) model using the NetworkAdapter, NetworkDeviceFunction, and Port resources.",
    "navlinks": [
        {
            "text": "Main",
            "target": "main"
        },
        {
            "text": "Systems",
            "target": "Systems",
            "navlinks": [
                {
                    "text": "437XR1138R2",
                    "target": "437XR1138R2"
                }
            ]
        },
        {
            "text": "Chassis",
            "target": "Chassis",
            "navlinks": [
                {
                    "text": "1U",
                    "target": "1U"
                }
            ]
        },
        {
            "text": "Managers",
            "target": "Managers",
            "navlinks": [
                {
                    "text": "BMC",
                    "target": "BMC"
                }
            ]
        },
        {
            "text": "Session Service",
            "target": "SessionService"
        },
        {
            "target": "AccountService",
            "text": "Account Service"
        }
    ]
}