{
    "@odata.type": "#NetworkAdapter.v1_11_0.NetworkAdapter",
    "Id": "1",
    "Name": "Network Adapter",
    "Manufacturer": "Contoso",
    "Model": "NET4000",
    "SerialNumber": "296XR3973R5",
    "PartNumber": "NET4000-RX",
    "NetworkPorts": {
        "@odata.id": "/redfish/v1/Chassis/1/NetworkAdapters/1/NetworkPorts"
    },
    "NetworkDeviceFunctions": {
        "@odata.id": "/redfish/v1/Chassis/1/NetworkAdapters/1/NetworkDeviceFunctions"
    },
    "Controllers": [
        {
            "FirmwarePackageVersion": "7.4.10",
            "ControllerCapabilities": {
                "NetworkPortCount": 1,
                "NetworkDeviceFunctionCount": 1
            },
            "Links": {
                "NetworkPorts": [
                    {
                        "@odata.id": "/redfish/v1/Chassis/1/NetworkAdapters/1/NetworkPorts/1"
                    }
                ],
                "NetworkDeviceFunctions": [
                    {
                        "@odata.id": "/redfish/v1/Chassis/1/NetworkAdapters/1/NetworkDeviceFunctions/1"
                    }
                ]
            }
        }
    ],
    "@odata.id": "/redfish/v1/Chassis/1/NetworkAdapters/1",
    "@Redfish.Copyright": "Copyright 2014-2023 DMTF. For the full DMTF copyright policy, see http://www.dmtf.org/about/policies/copyright."
}