{
    "@odata.type": "#NetworkPort.v1_4_3.NetworkPort",
    "Id": "1",
    "Name": "Network Port",
    "PhysicalPortNumber": "1",
    "LinkStatus": "Up",
    "SupportedLinkCapabilities": [
        {
            "LinkNetworkTechnology": "Ethernet",
            "LinkSpeedMbps": 100000
        }
    ],
    "ActiveLinkTechnology": "Ethernet",
    "SupportedEthernetCapabilities": [
        "WakeOnLAN",
        "EEE"
    ],
    "NetDevFuncMinBWAlloc": [
        {
            "NetworkDeviceFunction": {
                "@odata.id": "/redfish/v1/Chassis/1/NetworkAdapters/1/NetworkDeviceFunctions/1"
            },
            "MinBWAllocPercent": 25
        }
    ],
    "NetDevFuncMaxBWAlloc": [
        {
            "NetworkDeviceFunction": {
                "@odata.id": "/redfish/v1/Chassis/1/NetworkAdapters/1/NetworkDeviceFunctions/1"
            },
            "MaxBWAllocPercent": 100
        }
    ],
    "AssociatedNetworkAddresses": [
        "00:0C:29:9A:98:ED"
    ],
    "EEEEnabled": true,
    "WakeOnLANEnabled": true,
    "PortMaximumMTU": 1500,
    "FlowControlStatus": "None",
    "FlowControlConfiguration": "None",
    "SignalDetected": true,
    "@odata.id": "/redfish/v1/Chassis/1/NetworkAdapters/1/NetworkPorts/1",
    "@Redfish.Copyright": "Copyright 2014-2023 DMTF. For the full DMTF copyright policy, see http://www.dmtf.org/about/policies/copyright."
}