{
    "@odata.type": "#PortMetrics.v1_6_1.PortMetrics",
    "RXBytes": 567027413,
    "TXBytes": 6620140961,
    "RXErrors": 0,
    "TXErrors": 0,
    "Networking": {
        "RXFrames": 3356710,
        "RXUnicastFrames": 3354717,
        "RXMulticastFrames": 204,
        "RXBroadcastFrames": 1789,
        "TXFrames": 14358417,
        "TXUnicastFrames": 14357401,
        "TXMulticastFrames": 670,
        "TXBroadcastFrames": 346,
        "RXDiscards": 498455,
        "RXFrameAlignmentErrors": 0,
        "RXFCSErrors": 0,
        "RXFalseCarrierErrors": 0,
        "RXOversizeFrames": 0,
        "RXUndersizeFrames": 0,
        "TXDiscards": 0,
        "TXExcessiveCollisions": 0,
        "TXLateCollisions": 0,
        "TXMultipleCollisions": 0,
        "TXSingleCollisions": 0,
        "RXPFCFrames": 0,
        "TXPFCFrames": 0,
        "RXPauseXOFFFrames": 0,
        "RXPauseXONFrames": 0,
        "TXPauseXOFFFrames": 0,
        "TXPauseXONFrames": 0,
        "RDMARXBytes": 0,
        "RDMARXRequests": 0,
        "RDMAProtectionErrors": 0,
        "RDMAProtocolErrors": 0,
        "RDMATXBytes": 0,
        "RDMATXRequests": 0,
        "RDMATXReadRequests": 0,
        "RDMATXSendRequests": 0,
        "RDMATXWriteRequests": 0
    },
    "Transceivers": [
        {
            "RXInputPowerMilliWatts": 0.06,
            "TXBiasCurrentMilliAmps": 49.01,
            "TXOutputPowerMilliWatts": 1.263,
            "SupplyVoltage": 4.21
        }
    ],
    "@odata.id": "/redfish/v1/Chassis/1U/NetworkAdapters/Slot1/Ports/SC2KP1/Metrics",
    "@Redfish.Copyright": "Copyright 2014-2023 DMTF. For the full DMTF copyright policy, see http://www.dmtf.org/about/policies/copyright."
}