{
    "@odata.type": "#ActionInfo.v1_4_2.ActionInfo",
    "Id": "SubmitTestEventActionInfo",
    "Name": "SubmitTestEvent Action Info",
    "Parameters": [
        {
            "Name": "EventType",
            "Required": false,
            "DataType": "String",
            "AllowableValues": [
                "StatusChange",
                "ResourceUpdated",
                "ResourceAdded",
                "ResourceRemoved",
                "Alert",
                "Other"
            ]
        },
        {
            "Name": "EventId",
            "Required": false,
            "DataType": "String"
        },
        {
            "Name": "EventTimestamp",
            "Required": false,
            "DataType": "String"
        },
        {
            "Name": "Severity",
            "Required": false,
            "DataType": "String"
        },
        {
            "Name": "Message",
            "Required": false,
            "DataType": "String"
        },
        {
            "Name": "MessageId",
            "Required": true,
            "DataType": "String"
        },
        {
            "Name": "MessageArgs",
            "Required": false,
            "DataType": "StringArray"
        },
        {
            "Name": "OriginOfCondition",
            "Required": false,
            "DataType": "String"
        },
        {
            "Name": "EventGroupId",
            "Required": false,
            "DataType": "Number"
        }
    ],
    "@odata.id": "/redfish/v1/EventService/SubmitTestEventActionInfo",
    "@Redfish.Copyright": "Copyright 2014-2023 DMTF. For the full DMTF copyright policy, see http://www.dmtf.org/about/policies/copyright."
}