{
    "@odata.type": "#Fabric.v1_3_2.Fabric",
    "Id": "SAS",
    "Name": "SAS Fabric",
    "FabricType": "SAS",
    "Description": "A SAS Fabric with redundant switches connected to two initiators",
    "Status": {
        "State": "Enabled",
        "Health": "OK"
    },
    "Zones": {
        "@odata.id": "/redfish/v1/Fabrics/SAS/Zones"
    },
    "Endpoints": {
        "@odata.id": "/redfish/v1/Fabrics/SAS/Endpoints"
    },
    "Switches": {
        "@odata.id": "/redfish/v1/Fabrics/SAS/Switches"
    },
    "@odata.id": "/redfish/v1/Fabrics/SAS",
    "@Redfish.Copyright": "Copyright 2014-2023 DMTF. For the full DMTF copyright policy, see http://www.dmtf.org/about/policies/copyright."
}