{
    "@odata.type": "#PowerSubsystem.v1_1_2.PowerSubsystem",
    "Id": "PowerSubsystem",
    "Name": "Power Subsystem for Chassis",
    "CapacityWatts": 12000,
    "PowerSupplyRedundancy": [
        {
            "RedundancyType": "NPlusM",
            "MaxSupportedInGroup": 6,
            "MinNeededInGroup": 2,
            "RedundancyGroup": [
                {
                    "@odata.id": "/redfish/v1/Chassis/PowerShelf/PowerSubsystem/PowerSupplies/Bay1"
                },
                {
                    "@odata.id": "/redfish/v1/Chassis/PowerShelf/PowerSubsystem/PowerSupplies/Bay2"
                },
                {
                    "@odata.id": "/redfish/v1/Chassis/PowerShelf/PowerSubsystem/PowerSupplies/Bay3"
                },
                {
                    "@odata.id": "/redfish/v1/Chassis/PowerShelf/PowerSubsystem/PowerSupplies/Bay4"
                },
                {
                    "@odata.id": "/redfish/v1/Chassis/PowerShelf/PowerSubsystem/PowerSupplies/Bay5"
                },
                {
                    "@odata.id": "/redfish/v1/Chassis/PowerShelf/PowerSubsystem/PowerSupplies/Bay6"
                }
            ],
            "Status": {
                "State": "Disabled",
                "Health": "OK"
            }
        }
    ],
    "PowerSupplies": {
        "@odata.id": "/redfish/v1/Chassis/PowerShelf/PowerSubsystem/PowerSupplies"
    },
    "Status": {
        "State": "Enabled",
        "Health": "OK"
    },
    "@odata.id": "/redfish/v1/Chassis/PowerShelf/PowerSubsystem",
    "@Redfish.Copyright": "Copyright 2014-2023 DMTF. For the full DMTF copyright policy, see http://www.dmtf.org/about/policies/copyright."
}