{
    "@odata.type": "#Facility.v1_4_2.Facility",
    "Id": "Building",
    "Name": "DMTF Facility",
    "FacilityType": "Building",
    "Status": {
        "State": "Enabled",
        "Health": "OK"
    },
    "Location": {
        "PostalAddress": {
            "Country": "US",
            "Territory": "OR",
            "City": "Portland",
            "Street": "1001 SW 5th Avenue",
            "HouseNumber": 1001,
            "Name": "DMTF, Inc.",
            "PostalCode": "97204"
        }
    },
    "Links": {
        "ContainsFacilities": [
            {
                "@odata.id": "/redfish/v1/Facilities/Room237"
            }
        ]
    },
    "@odata.id": "/redfish/v1/Facilities/Building",
    "@Redfish.Copyright": "Copyright 2014-2023 DMTF. For the full DMTF copyright policy, see http://www.dmtf.org/about/policies/copyright."
}