{
    "@odata.type": "#LeakDetectorCollection.LeakDetectorCollection",
    "Name": "Rack CDU Leak Detector Collection",
    "Members@odata.count": 2,
    "Members": [
        {
            "@odata.id": "/redfish/v1/ThermalEquipment/CDUs/1/LeakDetection/LeakDetectors/Moisture"
        },
        {
            "@odata.id": "/redfish/v1/ThermalEquipment/CDUs/1/LeakDetection/LeakDetectors/Overflow"
        }
    ],
    "@odata.id": "/redfish/v1/ThermalEquipment/CDUs/1/LeakDetection/LeakDetectors",
    "@Redfish.Copyright": "Copyright 2014-2023 DMTF. For the full DMTF copyright policy, see http://www.dmtf.org/about/policies/copyright."
}