{
    "@odata.type": "#Sensor.v1_9_0.Sensor",
    "Id": "VoltageMains1",
    "Name": "Voltage for Mains #1",
    "ReadingType": "Voltage",
    "Status": {
        "State": "Enabled",
        "Health": "OK"
    },
    "ElectricalContext": "Line1ToNeutral",
    "Reading": 239.27,
    "ReadingUnits": "V",
    "ReadingRangeMin": 0,
    "ReadingRangeMax": 260,
    "Accuracy": 0.02,
    "Precision": 2,
    "SensingInterval": "PT0.125S",
    "PhysicalContext": "Chassis",
    "Thresholds": {
        "UpperCritical": {
            "Reading": 255,
            "Activation": "Increasing",
            "DwellTime": "PT1M"
        },
        "UpperCaution": {
            "Reading": 245,
            "DwellTime": "PT10M"
        },
        "LowerCaution": {
            "Reading": 225,
            "DwellTime": "PT5M"
        },
        "LowerCritical": {
            "Reading": 210,
            "DwellTime": "PT1M"
        }
    },
    "@odata.id": "/redfish/v1/Chassis/PowerShelf/Sensors/VoltageMains1",
    "@Redfish.Copyright": "Copyright 2014-2023 DMTF. For the full DMTF copyright policy, see http://www.dmtf.org/about/policies/copyright."
}