{
    "@odata.type": "#NetworkAdapter.v1_11_0.NetworkAdapter",
    "Controllers": [
        {
            "ControllerCapabilities": {
                "DataCenterBridging": {
                    "Capable": false
                },
                "NetworkDeviceFunctionCount": 1,
                "NetworkPortCount": 1
            },
            "FirmwarePackageVersion": "12.13.14",
            "PCIeInterface": {
                "LanesInUse": 8,
                "MaxLanes": 8,
                "MaxPCIeType": "Gen4",
                "PCIeType": "Gen3"
            }
        }
    ],
    "Description": "Contoso 32Gb FC Adapter",
    "Id": "Conto2660",
    "Manufacturer": "Contoso",
    "Model": "Contoso SC32G-FC HBA",
    "Name": "Contoso SC32G-FC HBA",
    "NetworkDeviceFunctions": {
        "@odata.id": "/redfish/v1/Chassis/1U/NetworkAdapters/Slot2/NetworkDeviceFunctions"
    },
    "Ports": {
        "@odata.id": "/redfish/v1/Chassis/1U/NetworkAdapters/Slot1/Ports"
    },
    "PartNumber": "C873463957",
    "SKU": "CNT96376",
    "SerialNumber": "ABCD12345",
    "@odata.id": "/redfish/v1/Chassis/1U/NetworkAdapters/Slot2",
    "@Redfish.Copyright": "Copyright 2014-2023 DMTF. For the full DMTF copyright policy, see http://www.dmtf.org/about/policies/copyright."
}