{
    "@odata.type": "#PortCollection.PortCollection",
    "Name": "Port Collection",
    "Description": "Collection of shared network ports for this manager",
    "Members@odata.count": 2,
    "Members": [
        {
            "@odata.id": "/redfish/v1/Chassis/1U/NetworkAdapters/Slot1/Ports/SC2KP1"
        },
        {
            "@odata.id": "/redfish/v1/Chassis/1U/NetworkAdapters/Slot1/Ports/SC2KP2"
        }
    ],
    "@odata.id": "/redfish/v1/Managers/BMC/SharedNetworkPorts",
    "@Redfish.Copyright": "Copyright 2014-2023 DMTF. For the full DMTF copyright policy, see http://www.dmtf.org/about/policies/copyright."
}