{
    "@odata.type": "#EndpointGroup.v1_3_4.EndpointGroup",
    "Id": "1",
    "Name": "Endpoint group for all initiators",
    "GroupType": "Initiator",
    "Links": {
        "Endpoints": [
            {
                "@odata.id": "/redfish/v1/Fabrics/NVMeoF/Endpoints/Initiator1"
            },
            {
                "@odata.id": "/redfish/v1/Fabrics/NVMeoF/Endpoints/Initiator2"
            }
        ],
        "Connections": [
            {
                "@odata.id": "/redfish/v1/Fabrics/NVMeoF/Connections/3"
            }
        ]
    },
    "@odata.id": "/redfish/v1/Fabrics/NVMeoF/EndpointGroups/1",
    "@Redfish.Copyright": "Copyright 2014-2023 DMTF. For the full DMTF copyright policy, see http://www.dmtf.org/about/policies/copyright."
}