{
    "@odata.type": "#Fan.v1_5_2.Fan",
    "Id": "Bay2",
    "Name": "Fan Bay 2",
    "Status": {
        "State": "Enabled",
        "Health": "OK"
    },
    "PhysicalContext": "Chassis",
    "Model": "RKS-440DC",
    "Manufacturer": "Contoso Fans",
    "PartNumber": "23456-133",
    "SparePartNumber": "93284-133",
    "LocationIndicatorActive": false,
    "HotPluggable": true,
    "SpeedPercent": {
        "Reading": 45,
        "SpeedRPM": 2400,
        "DataSourceUri": "/redfish/v1/Chassis/1U/Sensors/FanBay2"
    },
    "Location": {
        "PartLocation": {
            "ServiceLabel": "Chassis Fan Bay 2",
            "LocationType": "Bay",
            "LocationOrdinalValue": 1
        }
    },
    "@odata.id": "/redfish/v1/Chassis/1U/ThermalSubsystem/Fans/Bay2",
    "@Redfish.Copyright": "Copyright 2014-2023 DMTF. For the full DMTF copyright policy, see http://www.dmtf.org/about/policies/copyright."
}