{
    "@odata.type": "#Control.v1_5_1.Control",
    "Id": "PumpSpeed",
    "Name": "Pump Speed Control",
    "PhysicalContext": "Pump",
    "ControlType": "Percent",
    "ControlMode": "Automatic",
    "SetPoint": 45,
    "SetPointUnits": "Percent",
    "ControlLoop": {
        "Proportional": 6,
        "Integral": 1,
        "Differential": 50
    },
    "Status": {
        "Health": "OK",
        "State": "Enabled"
    },
    "@odata.id": "/redfish/v1/Chassis/CDU/Controls/PumpSpeed",
    "@Redfish.Copyright": "Copyright 2014-2023 DMTF. For the full DMTF copyright policy, see http://www.dmtf.org/about/policies/copyright."
}