{
    "@odata.type": "#Thermal.v1_7_3.Thermal",
    "Id": "Thermal",
    "Name": "Thermal",
    "Temperatures": [
        {
            "@odata.id": "/redfish/v1/Chassis/Switch2/Thermal#/Temperatures/0",
            "MemberId": "0",
            "Name": "Management Processor Temp",
            "SensorNumber": 1,
            "Status": {
                "State": "Enabled",
                "Health": "OK"
            },
            "ReadingCelsius": 39,
            "UpperThresholdNonCritical": 42,
            "UpperThresholdCritical": 45,
            "UpperThresholdFatal": 48,
            "MinReadingRangeTemp": 0,
            "MaxReadingRangeTemp": 60,
            "PhysicalContext": "CPU",
            "RelatedItem": [
                {
                    "@odata.id": "/redfish/v1/Managers/Switch2"
                }
            ]
        },
        {
            "@odata.id": "/redfish/v1/Chassis/Switch2/Thermal#/Temperatures/1",
            "MemberId": "1",
            "Name": "Expander Temp",
            "SensorNumber": 2,
            "Status": {
                "State": "Enabled",
                "Health": "OK"
            },
            "ReadingCelsius": 40,
            "UpperThresholdNonCritical": 42,
            "UpperThresholdCritical": 45,
            "UpperThresholdFatal": 48,
            "MinReadingRangeTemp": 0,
            "MaxReadingRangeTemp": 60,
            "PhysicalContext": "CPU",
            "RelatedItem": [
                {
                    "@odata.id": "/redfish/v1/Fabrics/SAS/Switches/Switch2"
                }
            ]
        },
        {
            "@odata.id": "/redfish/v1/Chassis/Switch1/Thermal#/Temperatures/2",
            "MemberId": "2",
            "Name": "Chassis Intake Temp",
            "SensorNumber": 3,
            "Status": {
                "State": "Enabled",
                "Health": "OK"
            },
            "ReadingCelsius": 25,
            "UpperThresholdNonCritical": 30,
            "UpperThresholdCritical": 40,
            "UpperThresholdFatal": 50,
            "LowerThresholdNonCritical": 10,
            "LowerThresholdCritical": 5,
            "LowerThresholdFatal": 0,
            "MinReadingRangeTemp": 0,
            "MaxReadingRangeTemp": 60,
            "PhysicalContext": "Intake",
            "RelatedItem": [
                {
                    "@odata.id": "/redfish/v1/Chassis/Switch2"
                },
                {
                    "@odata.id": "/redfish/v1/Fabrics/SAS/Switches/Switch2"
                }
            ]
        }
    ],
    "Fans": [
        {
            "@odata.id": "/redfish/v1/Chassis/Switch2/Thermal#/Fans/0",
            "MemberId": "0",
            "Name": "BaseBoard System Fan",
            "PhysicalContext": "Backplane",
            "Status": {
                "State": "Enabled",
                "Health": "OK"
            },
            "Reading": 2100,
            "ReadingUnits": "RPM",
            "LowerThresholdFatal": 0,
            "MinReadingRange": 0,
            "MaxReadingRange": 5000,
            "Redundancy": [
                {
                    "@odata.id": "/redfish/v1/Chassis/Switch2/Thermal#/Redundancy/0"
                }
            ],
            "RelatedItem": [
                {
                    "@odata.id": "/redfish/v1/Chassis/Switch2"
                },
                {
                    "@odata.id": "/redfish/v1/Fabrics/SAS/Switches/Switch2"
                }
            ]
        },
        {
            "@odata.id": "/redfish/v1/Chassis/Switch2/Thermal#/Fans/1",
            "MemberId": "1",
            "Name": "BaseBoard System Fan Backup",
            "PhysicalContext": "Backplane",
            "Status": {
                "State": "Enabled",
                "Health": "OK"
            },
            "Reading": 2050,
            "ReadingUnits": "RPM",
            "LowerThresholdFatal": 0,
            "MinReadingRange": 0,
            "MaxReadingRange": 5000,
            "Redundancy": [
                {
                    "@odata.id": "/redfish/v1/Chassis/Switch2/Thermal#/Redundancy/0"
                }
            ],
            "RelatedItem": [
                {
                    "@odata.id": "/redfish/v1/Chassis/Switch2"
                },
                {
                    "@odata.id": "/redfish/v1/Fabrics/SAS/Switches/Switch2"
                }
            ]
        }
    ],
    "Redundancy": [
        {
            "@odata.id": "/redfish/v1/Chassis/Switch2/Thermal#/Redundancy/0",
            "MemberId": "0",
            "Name": "BaseBoard System Fans",
            "RedundancySet": [
                {
                    "@odata.id": "/redfish/v1/Chassis/Switch2/Thermal#/Fans/0"
                },
                {
                    "@odata.id": "/redfish/v1/Chassis/Switch2/Thermal#/Fans/1"
                }
            ],
            "Mode": "N+m",
            "Status": {
                "State": "Enabled",
                "Health": "OK"
            },
            "MinNumNeeded": 1,
            "MaxNumSupported": 2
        }
    ],
    "@odata.id": "/redfish/v1/Chassis/Switch2/Thermal",
    "@Redfish.Copyright": "Copyright 2014-2023 DMTF. For the full DMTF copyright policy, see http://www.dmtf.org/about/policies/copyright."
}