{
    "@odata.type": "#LogService.v1_7_0.LogService",
    "Id": "Log",
    "Name": "System Log Service",
    "MaxNumberOfRecords": 1000,
    "OverWritePolicy": "WrapsWhenFull",
    "DateTime": "2015-03-13T04:14:33+06:00",
    "DateTimeLocalOffset": "+06:00",
    "ServiceEnabled": true,
    "Status": {
        "State": "Enabled",
        "Health": "OK"
    },
    "Actions": {
        "#LogService.ClearLog": {
            "target": "/redfish/v1/Managers/BMC/LogServices/Log/Actions/LogService.ClearLog"
        }
    },
    "Entries": {
        "@odata.id": "/redfish/v1/Managers/BMC/LogServices/Log/Entries"
    },
    "@odata.id": "/redfish/v1/Managers/BMC/LogServices/Log",
    "@Redfish.Copyright": "Copyright 2014-2023 DMTF. For the full DMTF copyright policy, see http://www.dmtf.org/about/policies/copyright."
}