{
    "@odata.type": "#PowerDistributionCollection.PowerDistributionCollection",
    "Name": "Electrical Bus Collection",
    "Members@odata.count": 2,
    "Members": [
        {
            "@odata.id": "/redfish/v1/PowerEquipment/ElectricalBuses/Rack42Busbar"
        },
        {
            "@odata.id": "/redfish/v1/PowerEquipment/ElectricalBuses/Busway"
        }
    ],
    "@odata.id": "/redfish/v1/PowerEquipment/ElectricalBuses",
    "@Redfish.Copyright": "Copyright 2014-2023 DMTF. For the full DMTF copyright policy, see http://www.dmtf.org/about/policies/copyright."
}