{
    "@odata.type": "#Sensor.v1_9_0.Sensor",
    "Id": "PS1InputPower",
    "Name": "Power Supply #1 Input Power",
    "ReadingType": "Power",
    "Status": {
        "State": "Enabled",
        "Health": "OK"
    },
    "ElectricalContext": "Total",
    "Reading": 374,
    "ReadingUnits": "W",
    "ReadingRangeMin": 0,
    "ReadingRangeMax": 500,
    "ApparentVA": 350,
    "ReactiveVAR": 29,
    "PowerFactor": 0.83,
    "Accuracy": 1,
    "Precision": 1,
    "SensingInterval": "PT0.1S",
    "PhysicalContext": "PowerSupply",
    "PhysicalSubContext": "Input",
    "Thresholds": {
        "UpperCritical": {
            "Reading": 525,
            "Activation": "Increasing",
            "DwellTime": "PT1M"
        },
        "UpperCaution": {
            "Reading": 510,
            "DwellTime": "PT10M"
        }
    },
    "@odata.id": "/redfish/v1/Chassis/PowerShelf/Sensors/PS1InputPower",
    "@Redfish.Copyright": "Copyright 2014-2023 DMTF. For the full DMTF copyright policy, see http://www.dmtf.org/about/policies/copyright."
}