{
    "@odata.type": "#NetworkAdapter.v1_11_0.NetworkAdapter",
    "Actions": {
        "#NetworkAdapter.ResetSettingsToDefault": {
            "target": "/redfish/v1/Chassis/1U/NetworkAdapters/Slot1/Actions/NetworkAdapter.ResetSettingsToDefault"
        }
    },
    "Controllers": [
        {
            "ControllerCapabilities": {
                "DataCenterBridging": {
                    "Capable": true
                },
                "NetworkDeviceFunctionCount": 2,
                "NetworkPortCount": 2,
                "VirtualizationOffload": {
                    "VirtualFunction": {
                        "DeviceMaxCount": 16,
                        "MinAssignmentGroupSize": 0,
                        "NetworkPortMaxCount": 2
                    }
                },
                "NPAR": {
                    "NparCapable": false,
                    "NparEnabled": false
                }
            },
            "FirmwarePackageVersion": "8.11.0"
        }
    ],
    "Id": "Conto2550",
    "Manufacturer": "Contoso Systems Inc.",
    "Model": "Contoso SuperC 2000 25Gb 2p Adapter",
    "Name": "NetworkAdapter",
    "NetworkDeviceFunctions": {
        "@odata.id": "/redfish/v1/Chassis/1U/NetworkAdapters/Slot1/NetworkDeviceFunctions"
    },
    "Ports": {
        "@odata.id": "/redfish/v1/Chassis/1U/NetworkAdapters/Slot1/Ports"
    },
    "PartNumber": "SC2000-CNT5",
    "SKU": "14865",
    "SerialNumber": "CSC125J87D",
    "@odata.id": "/redfish/v1/Chassis/1U/NetworkAdapters/Slot1",
    "@Redfish.Copyright": "Copyright 2014-2023 DMTF. For the full DMTF copyright policy, see http://www.dmtf.org/about/policies/copyright."
}