{
    "@odata.type": "#ConnectionCollection.ConnectionCollection",
    "Name": "NVMeoF Connection Collection",
    "Members@odata.count": 3,
    "Members": [
        {
            "@odata.id": "/redfish/v1/Fabrics/NVMeoF/Connections/1"
        },
        {
            "@odata.id": "/redfish/v1/Fabrics/NVMeoF/Connections/2"
        },
        {
            "@odata.id": "/redfish/v1/Fabrics/NVMeoF/Connections/3"
        }
    ],
    "@odata.id": "/redfish/v1/Fabrics/NVMeoF/Connections",
    "@Redfish.Copyright": "Copyright 2014-2023 DMTF. For the full DMTF copyright policy, see http://www.dmtf.org/about/policies/copyright."
}