{
    "@odata.type": "#Endpoint.v1_8_2.Endpoint",
    "Id": "Drive4",
    "Name": "SAS Tape Drive",
    "Description": "A SAS Tape Drive",
    "EndpointProtocol": "SAS",
    "ConnectedEntities": [
        {
            "EntityRole": "Target",
            "Identifiers": [
                {
                    "DurableNameFormat": "NAA",
                    "DurableName": "32ADF365C6C1B7C4"
                }
            ]
        }
    ],
    "Links": {
        "ConnectedPorts": [
            {
                "@odata.id": "/redfish/v1/Fabrics/SAS/Switches/Switch1/Ports/8"
            },
            {
                "@odata.id": "/redfish/v1/Fabrics/SAS/Switches/Switch2/Ports/8"
            }
        ]
    },
    "@odata.id": "/redfish/v1/Fabrics/SAS/Endpoints/TapeDrive",
    "@Redfish.Copyright": "Copyright 2014-2023 DMTF. For the full DMTF copyright policy, see http://www.dmtf.org/about/policies/copyright."
}