{
    "@odata.type": "#Pump.v1_1_0.Pump",
    "Id": "1",
    "Name": "CDU Pump",
    "PumpType": "Liquid",
    "Status": {
        "State": "Enabled",
        "Health": "OK"
    },
    "ServiceHours": 3571,
    "PumpSpeedPercent": {
        "Reading": 38.5
    },
    "SpeedControlPercent": {
        "ControlMode": "Automatic",
        "SetPoint": 45,
        "DataSourceUri": "/redfish/v1/Chassis/CDU/Controls/PumpSpeed",
        "ControlLoop": {
            "Proportional": 6,
            "Integral": 1,
            "Differential": 50
        }
    },
    "@odata.id": "/redfish/v1/ThermalEquipment/CDUs/1/Pumps/1",
    "@Redfish.Copyright": "Copyright 2014-2023 DMTF. For the full DMTF copyright policy, see http://www.dmtf.org/about/policies/copyright."
}