{
    "@odata.type": "#ContosoTurboencabulatorService.v1_0_0.ContosoTurboencabulatorService",
    "Id": "TurboencabulatorService",
    "Name": "Turboencabulator Service",
    "Status": {
        "State": "Enabled",
        "Health": "OK"
    },
    "ServiceEnabled": true,
    "TurboencabulatorMode": "Retro",
    "IsCheap": false,
    "WillGovernmentBuy": true,
    "@odata.id": "/redfish/v1/Oem/Contoso/TurboencabulatorService",
    "@Redfish.Copyright": "Copyright 2014-2023 DMTF. For the full DMTF copyright policy, see http://www.dmtf.org/about/policies/copyright."
}