{
    "@odata.type": "#NetworkDeviceFunctionMetrics.v1_2_0.NetworkDeviceFunctionMetrics",
    "Id": "NetworkDeviceFunctionMetrics",
    "Name": "Network Device Function Metrics",
    "TXAvgQueueDepthPercent": 13.7,
    "RXAvgQueueDepthPercent": 21.2,
    "RXFrames": 27193387,
    "RXBytes": 7754199970,
    "RXUnicastFrames": 26193387,
    "RXMulticastFrames": 1000000,
    "TXFrames": 18205770,
    "TXBytes": 9436506547,
    "TXUnicastFrames": 17205770,
    "TXMulticastFrames": 1000000,
    "TXQueuesEmpty": false,
    "RXQueuesEmpty": false,
    "TXQueuesFull": 0,
    "RXQueuesFull": 0,
    "Ethernet": {
        "NumOffloadedIPv4Conns": 0,
        "NumOffloadedIPv6Conns": 0
    },
    "@odata.id": "/redfish/v1/Chassis/1U/NetworkAdapters/Slot1/NetworkDeviceFunctions/SC2KP1F0/Metrics",
    "@Redfish.Copyright": "Copyright 2014-2023 DMTF. For the full DMTF copyright policy, see http://www.dmtf.org/about/policies/copyright."
}