{
    "@odata.type": "#Sensor.v1_9_0.Sensor",
    "Id": "PrimaryReturnPressure",
    "Name": "Primary Return Pressure",
    "ReadingType": "PressurekPa",
    "Status": {
        "State": "Enabled",
        "Health": "OK"
    },
    "Reading": 965,
    "ReadingUnits": "kPa",
    "ReadingRangeMin": 0,
    "ReadingRangeMax": 1500,
    "ReadingBasis": "Zero",
    "SensingInterval": "PT5S",
    "PhysicalContext": "LiquidOutlet",
    "@odata.id": "/redfish/v1/Chassis/CDU/Sensors/PrimaryReturnPressure",
    "@Redfish.Copyright": "Copyright 2014-2023 DMTF. For the full DMTF copyright policy, see http://www.dmtf.org/about/policies/copyright."
}