{
    "@odata.type": "#Sensor.v1_9_0.Sensor",
    "Id": "PS1Fan",
    "Name": "Power Supply #1 Fan",
    "PhysicalContext": "PowerSupply",
    "Reading": 68,
    "SpeedRPM": 3290,
    "ReadingRangeMax": 100,
    "ReadingRangeMin": 0,
    "ReadingType": "Percent",
    "ReadingUnits": "%",
    "Status": {
        "Health": "OK",
        "State": "Enabled"
    },
    "Thresholds": {
        "LowerCaution": {
            "Reading": 5
        },
        "LowerCritical": {
            "Reading": 0
        }
    },
    "@odata.id": "/redfish/v1/Chassis/PowerShelf/Sensors/PS1Fan",
    "@Redfish.Copyright": "Copyright 2014-2023 DMTF. For the full DMTF copyright policy, see http://www.dmtf.org/about/policies/copyright."
}