{
    "@odata.type": "#Endpoint.v1_8_2.Endpoint",
    "Id": "Enclosure1",
    "Name": "SAS Enclosure",
    "Description": "A non-zoning capable SAS Enclosure",
    "EndpointProtocol": "SAS",
    "ConnectedEntities": [
        {
            "EntityType": "StorageExpander",
            "EntityRole": null,
            "Identifiers": [
                {
                    "DurableNameFormat": "NAA",
                    "DurableName": "32ADF365C6C1B7BF"
                }
            ]
        },
        {
            "EntityType": "Drive",
            "EntityRole": "Target",
            "Identifiers": [
                {
                    "DurableNameFormat": "NAA",
                    "DurableName": "32ADF365C6C1B7C0"
                }
            ]
        },
        {
            "EntityType": "Drive",
            "EntityRole": "Target",
            "Identifiers": [
                {
                    "DurableNameFormat": "NAA",
                    "DurableName": "32ADF365C6C1B7C1"
                }
            ]
        },
        {
            "EntityType": "Drive",
            "EntityRole": "Target",
            "Identifiers": []
        },
        {
            "EntityType": "Drive",
            "EntityRole": "Target",
            "Identifiers": []
        }
    ],
    "Links": {
        "ConnectedPorts": [
            {
                "@odata.id": "/redfish/v1/Fabrics/SAS/Switches/Switch1/Ports/7"
            },
            {
                "@odata.id": "/redfish/v1/Fabrics/SAS/Switches/Switch2/Ports/7"
            }
        ]
    },
    "@odata.id": "/redfish/v1/Fabrics/SAS/Endpoints/Enclosure1",
    "@Redfish.Copyright": "Copyright 2014-2023 DMTF. For the full DMTF copyright policy, see http://www.dmtf.org/about/policies/copyright."
}