{
    "@odata.type": "#ManagerNetworkProtocol.v1_10_1.ManagerNetworkProtocol",
    "Id": "NetworkProtocol",
    "Name": "Manager Network Protocol",
    "Description": "Manager Network Service",
    "Status": {
        "State": "Enabled",
        "Health": "OK"
    },
    "HostName": "web483-bmc",
    "FQDN": "web483-bmc.dmtf.org",
    "HTTP": {
        "ProtocolEnabled": true,
        "Port": 80
    },
    "HTTPS": {
        "ProtocolEnabled": true,
        "Port": 443
    },
    "SSDP": {
        "ProtocolEnabled": true,
        "Port": 1900,
        "NotifyMulticastIntervalSeconds": 600,
        "NotifyTTL": 5,
        "NotifyIPv6Scope": "Site"
    },
    "@odata.id": "/redfish/v1/Managers/BMC/NetworkProtocol",
    "@Redfish.Copyright": "Copyright 2014-2023 DMTF. For the full DMTF copyright policy, see http://www.dmtf.org/about/policies/copyright."
}