{
    "@odata.type": "#Fabric.v1_3_2.Fabric",
    "Id": "NVMeoF",
    "Name": "NVMe-oF Fabric",
    "FabricType": "NVMeOverFabrics",
    "Status": {
        "State": "Enabled",
        "Health": "OK"
    },
    "Endpoints": {
        "@odata.id": "/redfish/v1/Fabrics/NVMeoF/Endpoints"
    },
    "EndpointGroups": {
        "@odata.id": "/redfish/v1/Fabrics/NVMeoF/EndpointGroups"
    },
    "Connections": {
        "@odata.id": "/redfish/v1/Fabrics/NVMeoF/Connections"
    },
    "@odata.id": "/redfish/v1/Fabrics/NVMeoF",
    "@Redfish.Copyright": "Copyright 2014-2023 DMTF. For the full DMTF copyright policy, see http://www.dmtf.org/about/policies/copyright."
}