{
    "@odata.type": "#Zone.v1_6_3.Zone",
    "Id": "3",
    "Name": "SAS Zone 3",
    "Description": "SAS Zone 3",
    "Status": {
        "State": "Enabled",
        "Health": "OK"
    },
    "Links": {
        "Endpoints": [
            {
                "@odata.id": "/redfish/v1/Fabrics/SAS/Endpoints/Initiator2"
            },
            {
                "@odata.id": "/redfish/v1/Fabrics/SAS/Endpoints/Drive2"
            },
            {
                "@odata.id": "/redfish/v1/Fabrics/SAS/Endpoints/Drive4"
            }
        ]
    },
    "@odata.id": "/redfish/v1/Fabrics/SAS/Zones/3",
    "@Redfish.Copyright": "Copyright 2014-2023 DMTF. For the full DMTF copyright policy, see http://www.dmtf.org/about/policies/copyright."
}