{
    "@odata.type": "#NetworkDeviceFunctionCollection.NetworkDeviceFunctionCollection",
    "Name": "Network Device Function Collection",
    "Members@odata.count": 1,
    "Members": [
        {
            "@odata.id": "/redfish/v1/Chassis/1U/NetworkAdapters/Slot2/NetworkDeviceFunctions/SCFCP1F0"
        }
    ],
    "@odata.id": "/redfish/v1/Chassis/1U/NetworkAdapters/Slot2/NetworkDeviceFunctions",
    "@Redfish.Copyright": "Copyright 2014-2023 DMTF. For the full DMTF copyright policy, see http://www.dmtf.org/about/policies/copyright."
}