{
    "@odata.type": "#SensorCollection.SensorCollection",
    "Name": "Rack CDU Sensor Collection",
    "Members@odata.count": 18,
    "Members": [
        {
            "@odata.id": "/redfish/v1/Chassis/CDU/Sensors/SystemRelativeHumidity"
        },
        {
            "@odata.id": "/redfish/v1/Chassis/CDU/Sensors/SystemTemperature"
        },
        {
            "@odata.id": "/redfish/v1/Chassis/CDU/Sensors/PrimaryFlow"
        },
        {
            "@odata.id": "/redfish/v1/Chassis/CDU/Sensors/PrimarySupplyTemp"
        },
        {
            "@odata.id": "/redfish/v1/Chassis/CDU/Sensors/PrimaryReturnTemp"
        },
        {
            "@odata.id": "/redfish/v1/Chassis/CDU/Sensors/PrimaryDeltaTemp"
        },
        {
            "@odata.id": "/redfish/v1/Chassis/CDU/Sensors/PrimarySupplyPressure"
        },
        {
            "@odata.id": "/redfish/v1/Chassis/CDU/Sensors/PrimaryReturnPressure"
        },
        {
            "@odata.id": "/redfish/v1/Chassis/CDU/Sensors/PrimaryDeltaPressure"
        },
        {
            "@odata.id": "/redfish/v1/Chassis/CDU/Sensors/PrimaryHeatLoad"
        },
        {
            "@odata.id": "/redfish/v1/Chassis/CDU/Sensors/SecondaryFlow"
        },
        {
            "@odata.id": "/redfish/v1/Chassis/CDU/Sensors/SecondarySupplyTemp"
        },
        {
            "@odata.id": "/redfish/v1/Chassis/CDU/Sensors/SecondaryReturnTemp"
        },
        {
            "@odata.id": "/redfish/v1/Chassis/CDU/Sensors/SecondaryDeltaTemp"
        },
        {
            "@odata.id": "/redfish/v1/Chassis/CDU/Sensors/SecondarySupplyPressure"
        },
        {
            "@odata.id": "/redfish/v1/Chassis/CDU/Sensors/SecondaryReturnPressure"
        },
        {
            "@odata.id": "/redfish/v1/Chassis/CDU/Sensors/SecondaryDeltaPressure"
        },
        {
            "@odata.id": "/redfish/v1/Chassis/CDU/Sensors/SecondaryHeatLoad"
        }
    ],
    "@odata.id": "/redfish/v1/Chassis/CDU/Sensors",
    "@Redfish.Copyright": "Copyright 2014-2023 DMTF. For the full DMTF copyright policy, see http://www.dmtf.org/about/policies/copyright."
}