{
    "@odata.type": "#Sensor.v1_9_0.Sensor",
    "Id": "PS1Temp",
    "Name": "Power Supply #1 Temperature",
    "PhysicalContext": "Exhaust",
    "Status": {
        "State": "Enabled",
        "Health": "OK"
    },
    "Reading": 43.9,
    "ReadingUnits": "Cel",
    "ReadingRangeMin": 0,
    "ReadingRangeMax": 55,
    "@odata.id": "/redfish/v1/Chassis/PowerShelf/Sensors/PS1Temp",
    "@Redfish.Copyright": "Copyright 2014-2023 DMTF. For the full DMTF copyright policy, see http://www.dmtf.org/about/policies/copyright."
}