{
    "@odata.type": "#PowerDistribution.v1_4_0.PowerDistribution",
    "Id": "Busway",
    "EquipmentType": "Bus",
    "Name": "Datacenter Busway",
    "ProductionDate": "2021-01-11T08:00:00Z",
    "Manufacturer": "Contoso",
    "Model": "ZAP33000",
    "SerialNumber": "29347ZT536",
    "PartNumber": "AA-23",
    "AssetTag": "PDX-92381",
    "Location": {
        "Placement": {
            "Row": "North 1"
        }
    },
    "Mains": {
        "@odata.id": "/redfish/v1/PowerEquipment/ElectricalBuses/Busway/Mains"
    },
    "Outlets": {
        "@odata.id": "/redfish/v1/PowerEquipment/ElectricalBuses/Busway/Outlets"
    },
    "Links": {
        "Facility": {
            "@odata.id": "/redfish/v1/Facilities/Room237"
        }
    },
    "@odata.id": "/redfish/v1/PowerEquipment/ElectricalBuses/Busway",
    "@Redfish.Copyright": "Copyright 2014-2023 DMTF. For the full DMTF copyright policy, see http://www.dmtf.org/about/policies/copyright."
}