<?xml version="1.0" encoding="UTF-8"?>
<!-- Copyright 2014-2023 DMTF. For the full DMTF copyright policy, see http://www.dmtf.org/about/policies/copyright.-->
<edmx:Edmx xmlns:edmx="http://docs.oasis-open.org/odata/ns/edmx" Version="4.0">

  <edmx:Reference Uri="http://redfish.dmtf.org/schemas/v1/ServiceRoot_v1.xml">
    <edmx:Include Namespace="ServiceRoot"/>
    <edmx:Include Namespace="ServiceRoot.v1_17_0"/>
  </edmx:Reference>

  <edmx:Reference Uri="http://redfish.dmtf.org/schemas/v1/AccountService_v1.xml">
    <edmx:Include Namespace="AccountService"/>
    <edmx:Include Namespace="AccountService.v1_15_1"/>
  </edmx:Reference>
  <edmx:Reference Uri="http://redfish.dmtf.org/schemas/v1/ManagerAccount_v1.xml">
    <edmx:Include Namespace="ManagerAccount"/>
    <edmx:Include Namespace="ManagerAccount.v1_12_1"/>
  </edmx:Reference>
  <edmx:Reference Uri="http://redfish.dmtf.org/schemas/v1/ManagerAccountCollection_v1.xml">
    <edmx:Include Namespace="ManagerAccountCollection"/>
  </edmx:Reference>
  <edmx:Reference Uri="http://redfish.dmtf.org/schemas/v1/Message_v1.xml">
    <edmx:Include Namespace="Message"/>
    <edmx:Include Namespace="Message.v1_2_1"/>
  </edmx:Reference>
  <edmx:Reference Uri="http://redfish.dmtf.org/schemas/v1/Role_v1.xml">
    <edmx:Include Namespace="Role"/>
    <edmx:Include Namespace="Role.v1_3_2"/>
  </edmx:Reference>
  <edmx:Reference Uri="http://redfish.dmtf.org/schemas/v1/RoleCollection_v1.xml">
    <edmx:Include Namespace="RoleCollection"/>
  </edmx:Reference>
  <edmx:Reference Uri="http://redfish.dmtf.org/schemas/v1/Session_v1.xml">
    <edmx:Include Namespace="Session"/>
    <edmx:Include Namespace="Session.v1_7_2"/>
  </edmx:Reference>
  <edmx:Reference Uri="http://redfish.dmtf.org/schemas/v1/SessionCollection_v1.xml">
    <edmx:Include Namespace="SessionCollection"/>
  </edmx:Reference>
  <edmx:Reference Uri="http://redfish.dmtf.org/schemas/v1/SessionService_v1.xml">
    <edmx:Include Namespace="SessionService"/>
    <edmx:Include Namespace="SessionService.v1_1_9"/>
  </edmx:Reference>

  <edmx:Reference Uri="http://redfish.dmtf.org/schemas/v1/RedfishExtensions_v1.xml">
    <edmx:Include Namespace="RedfishExtensions.v1_0_0" Alias="Redfish"/>
  </edmx:Reference>

  <edmx:Reference Uri="http://Contoso.com/schemas/ContosoAccountService_v1.xml">
    <edmx:Include Namespace="ContosoAccountService"/>
    <edmx:Include Namespace="ContosoAccountService.v1_0_1"/>
  </edmx:Reference>
  <edmx:Reference Uri="http://Contoso.com/schemas/ContosoServiceRoot_v1.xml">
    <edmx:Include Namespace="ContosoServiceRoot.v1_0_0"/>
  </edmx:Reference>
  <edmx:Reference Uri="http://Contoso.com/schemas/ContosoTurboencabulatorService_v1.xml">
    <edmx:Include Namespace="ContosoTurboencabulatorService"/>
    <edmx:Include Namespace="ContosoTurboencabulatorService.v1_0_0"/>
  </edmx:Reference>

  <edmx:DataServices>

    <Schema xmlns="http://docs.oasis-open.org/odata/ns/edm" Namespace="Service">
      <EntityContainer Name="Service" Extends="ContosoServiceRoot.v1_0_0.ServiceContainer"/>
    </Schema>

  </edmx:DataServices>
</edmx:Edmx>