{
    "@odata.type": "#Power.v1_7_3.Power",
    "Id": "Power",
    "Name": "Power",
    "PowerControl": [
        {
            "@odata.id": "/redfish/v1/Chassis/1/Power#/PowerControl/0",
            "MemberId": "0",
            "Name": "System Input Power",
            "PowerConsumedWatts": 1795,
            "PowerRequestedWatts": 1950,
            "PowerAvailableWatts": 155,
            "PowerCapacityWatts": 2000,
            "PowerAllocatedWatts": 1950,
            "RelatedItem": [
                {
                    "@odata.id": "/redfish/v1/Systems/NVMeoF-SoC"
                },
                {
                    "@odata.id": "/redfish/v1/Chassis/1"
                }
            ],
            "Status": {
                "State": "Enabled",
                "Health": "OK"
            }
        }
    ],
    "PowerSupplies": [
        {
            "@odata.id": "/redfish/v1/Chassis/1/Power#/PowerSupplies/0",
            "MemberId": "0",
            "Name": "Power Supply Bay",
            "Status": {
                "State": "Enabled",
                "Health": "OK"
            },
            "PowerSupplyType": "AC",
            "LineInputVoltageType": "ACWideRange",
            "LineInputVoltage": 120,
            "PowerCapacityWatts": 2000,
            "LastPowerOutputWatts": 900,
            "Model": "PS2000",
            "Manufacturer": "Contoso",
            "FirmwareVersion": "1.00",
            "SerialNumber": "346XR93643R0",
            "PartNumber": "PS2000",
            "SparePartNumber": "PS2000",
            "RelatedItem": [
                {
                    "@odata.id": "/redfish/v1/Chassis/1"
                }
            ]
        },
        {
            "@odata.id": "/redfish/v1/Chassis/1/Power#/PowerSupplies/1",
            "MemberId": "1",
            "Name": "Power Supply Bay",
            "Status": {
                "State": "Enabled",
                "Health": "OK"
            },
            "PowerSupplyType": "AC",
            "LineInputVoltageType": "ACWideRange",
            "LineInputVoltage": 120,
            "PowerCapacityWatts": 2000,
            "LastPowerOutputWatts": 895,
            "Model": "PS2000",
            "Manufacturer": "Contoso",
            "FirmwareVersion": "1.00",
            "SerialNumber": "346XR93643R1",
            "PartNumber": "PS2000",
            "SparePartNumber": "PS2000",
            "RelatedItem": [
                {
                    "@odata.id": "/redfish/v1/Chassis/1"
                }
            ]
        }
    ],
    "@odata.id": "/redfish/v1/Chassis/1/Power",
    "@Redfish.Copyright": "Copyright 2014-2023 DMTF. For the full DMTF copyright policy, see http://www.dmtf.org/about/policies/copyright."
}