{
    "@odata.type": "#PowerSupply.v1_6_0.PowerSupply",
    "Id": "Bay1",
    "Name": "Power Supply Bay 1",
    "Status": {
        "State": "Enabled",
        "Health": "Warning"
    },
    "Model": "RKS-440DC",
    "Manufacturer": "Contoso Power",
    "FirmwareVersion": "1.00",
    "SerialNumber": "3488247",
    "PartNumber": "23456-133",
    "SparePartNumber": "93284-133",
    "LocationIndicatorActive": false,
    "HotPluggable": false,
    "PowerCapacityWatts": 400,
    "PhaseWiringType": "OnePhase3Wire",
    "PlugType": "IEC_60320_C14",
    "InputRanges": [
        {
            "NominalVoltageType": "AC200To240V",
            "CapacityWatts": 400
        },
        {
            "NominalVoltageType": "AC120V",
            "CapacityWatts": 350
        },
        {
            "NominalVoltageType": "DC380V",
            "CapacityWatts": 400
        }
    ],
    "EfficiencyRatings": [
        {
            "LoadPercent": 25,
            "EfficiencyPercent": 75
        },
        {
            "LoadPercent": 50,
            "EfficiencyPercent": 85
        },
        {
            "LoadPercent": 90,
            "EfficiencyPercent": 80
        }
    ],
    "OutputRails": [
        {
            "NominalVoltage": 3.3,
            "PhysicalContext": "SystemBoard"
        },
        {
            "NominalVoltage": 5,
            "PhysicalContext": "SystemBoard"
        },
        {
            "NominalVoltage": 12,
            "PhysicalContext": "StorageDevice"
        }
    ],
    "Location": {
        "PartLocation": {
            "ServiceLabel": "PSU 1",
            "LocationType": "Bay",
            "LocationOrdinalValue": 0
        }
    },
    "Links": {
        "Outlet": {
            "@odata.id": "https://redfishpdu.contoso.com/redfish/v1/PowerEquipment/RackPDUs/1/Outlets/A4"
        }
    },
    "Assembly": {
        "@odata.id": "/redfish/v1/Chassis/1U/PowerSubsystem/PowerSupplies/Bay1/Assembly"
    },
    "Metrics": {
        "@odata.id": "/redfish/v1/Chassis/1U/PowerSubsystem/PowerSupplies/Bay1/Metrics"
    },
    "Actions": {
        "#PowerSupply.Reset": {
            "target": "/redfish/v1/Chassis/1U/PowerSubsystem/PowerSupplies/Bay1/PowerSupply.Reset"
        }
    },
    "@odata.id": "/redfish/v1/Chassis/1U/PowerSubsystem/PowerSupplies/Bay1",
    "@Redfish.Copyright": "Copyright 2014-2023 DMTF. For the full DMTF copyright policy, see http://www.dmtf.org/about/policies/copyright."
}