{
    "@odata.type": "#Manager.v1_19_1.Manager",
    "Id": "Switch2",
    "Name": "Manager",
    "ManagerType": "ManagementController",
    "Description": "SAS Switch Controller",
    "ServiceEntryPointUUID": "92384634-2938-2342-8820-489239905423",
    "UUID": "58893887-8974-2487-2389-841168418919",
    "Model": "Joo Janta 200",
    "DateTime": "2015-03-13T04:14:33+06:00",
    "DateTimeLocalOffset": "+06:00",
    "Status": {
        "State": "Enabled",
        "Health": "OK"
    },
    "CommandShell": {
        "ServiceEnabled": true,
        "MaxConcurrentSessions": 4,
        "ConnectTypesSupported": [
            "Telnet",
            "SSH"
        ]
    },
    "FirmwareVersion": "1.00",
    "NetworkProtocol": {
        "@odata.id": "/redfish/v1/Managers/Switch2/NetworkProtocol"
    },
    "EthernetInterfaces": {
        "@odata.id": "/redfish/v1/Managers/Switch2/EthernetInterfaces"
    },
    "LogServices": {
        "@odata.id": "/redfish/v1/Managers/Switch2/LogServices"
    },
    "Redundancy": [
        {
            "@odata.id": "/redfish/v1/Managers/Switch2#/Redundancy/0",
            "MemberId": "Redundancy",
            "Name": "Manager Redundancy",
            "Mode": "Failover",
            "MaxNumSupported": 2,
            "MinNumNeeded": 1,
            "Status": {
                "State": "StandbySpare",
                "Health": "OK"
            },
            "RedundancySet": [
                {
                    "@odata.id": "/redfish/v1/Managers/Switch1"
                },
                {
                    "@odata.id": "/redfish/v1/Managers/Switch2"
                }
            ]
        }
    ],
    "Links": {
        "ManagerForChassis": [
            {
                "@odata.id": "/redfish/v1/Chassis/Switch1"
            },
            {
                "@odata.id": "/redfish/v1/Chassis/Switch2"
            }
        ],
        "ManagerInChassis": {
            "@odata.id": "/redfish/v1/Chassis/Switch2"
        }
    },
    "Actions": {
        "#Manager.Reset": {
            "target": "/redfish/v1/Managers/Switch2/Actions/Manager.Reset",
            "ResetType@Redfish.AllowableValues": [
                "ForceRestart",
                "GracefulRestart"
            ]
        }
    },
    "@odata.id": "/redfish/v1/Managers/Switch2",
    "@Redfish.Copyright": "Copyright 2014-2023 DMTF. For the full DMTF copyright policy, see http://www.dmtf.org/about/policies/copyright."
}