{
    "@odata.type": "#Manager.v1_19_1.Manager",
    "Id": "BMC",
    "Name": "Manager",
    "ManagerType": "BMC",
    "Description": "Contoso BMC",
    "ServiceEntryPointUUID": "92384634-2938-2342-8820-489239905423",
    "UUID": "58893887-8974-2487-2389-841168418919",
    "Model": "NV4000-MG",
    "DateTime": "2020-04-22T21:22:33-05:00",
    "DateTimeLocalOffset": "-05:00",
    "Status": {
        "State": "Enabled",
        "Health": "OK"
    },
    "PowerState": "On",
    "FirmwareVersion": "2.55.00",
    "NetworkProtocol": {
        "@odata.id": "/redfish/v1/Managers/BMC/NetworkProtocol"
    },
    "EthernetInterfaces": {
        "@odata.id": "/redfish/v1/Managers/BMC/EthernetInterfaces"
    },
    "LogServices": {
        "@odata.id": "/redfish/v1/Managers/BMC/LogServices"
    },
    "Links": {
        "ManagerForServers": [
            {
                "@odata.id": "/redfish/v1/Systems/NVMeoF-SoC"
            }
        ],
        "ManagerForChassis": [
            {
                "@odata.id": "/redfish/v1/Chassis/1"
            }
        ],
        "ManagerInChassis": {
            "@odata.id": "/redfish/v1/Chassis/1"
        }
    },
    "Actions": {
        "#Manager.Reset": {
            "target": "/redfish/v1/Managers/BMC/Actions/Manager.Reset",
            "ResetType@Redfish.AllowableValues": [
                "ForceRestart",
                "GracefulRestart"
            ]
        }
    },
    "@odata.id": "/redfish/v1/Managers/BMC",
    "@Redfish.Copyright": "Copyright 2014-2023 DMTF. For the full DMTF copyright policy, see http://www.dmtf.org/about/policies/copyright."
}