{
    "name": "Cooling Distribution Unit (CDU)",
    "description": "This example shows a rackmount cooling distribution unit that supplies liquid to downstream equipment from a facility.",
    "navlinks": [
        {
            "text": "Main",
            "target": "main"
        },
        {
            "text": "Cooling Equipment",
            "target": "ThermalEquipment",
            "navlinks": [
                {
                    "text": "CDUs",
                    "target": "CDUs"
                }
            ]
        },
        {
            "text": "Chassis",
            "target": "Chassis",
            "navlinks": [
                {
                    "text": "CDU",
                    "target": "CDU"
                }
            ]
        }
    ]
}