{
    "@odata.type": "#ServiceRoot.v1_17_0.ServiceRoot",
    "Id": "RootService",
    "Name": "Redfish Service",
    "RedfishVersion": "1.13.0",
    "UUID": "92384634-2938-2342-8820-489239905423",
    "ProtocolFeaturesSupported": {
        "FilterQuery": false,
        "SelectQuery": false,
        "ExcerptQuery": true,
        "OnlyMemberQuery": true,
        "ExpandQuery": {
            "Links": false,
            "NoLinks": true,
            "ExpandAll": true,
            "Levels": true,
            "MaxLevels": 3
        }
    },
    "ThermalEquipment": {
        "@odata.id": "/redfish/v1/ThermalEquipment"
    },
    "Managers": {
        "@odata.id": "/redfish/v1/Managers"
    },
    "SessionService": {
        "@odata.id": "/redfish/v1/SessionService"
    },
    "AccountService": {
        "@odata.id": "/redfish/v1/AccountService"
    },
    "EventService": {
        "@odata.id": "/redfish/v1/EventService"
    },
    "Links": {
        "Sessions": {
            "@odata.id": "/redfish/v1/SessionService/Sessions"
        }
    },
    "@odata.id": "/redfish/v1/",
    "@Redfish.Copyright": "Copyright 2014-2023 DMTF. For the full DMTF copyright policy, see http://www.dmtf.org/about/policies/copyright."
}