{
    "name": "NVMe-oF JBOF",
    "description": "This mockup contains a sample Redfish service for an NVMe-oF JBOF.  The storage resources off of service root contain the provisionable storage for external hosts.  The fabric portion of the data model is used to express host connectivity to the different NVMe namespaces.  It also contains a single SoC, represented as a computer system, that is used as the front-end for receiving NVMe-oF traffic before the drives are accessed.",
    "navlinks": [
        {
            "text": "Main",
            "target": "main"
        },
        {
            "text": "Systems",
            "target": "Systems",
            "navlinks": [
                {
                    "text": "NVMeoF-SoC",
                    "target": "NVMeoF-SoC"
                }
            ]
        },
        {
            "text": "Chassis",
            "target": "Chassis",
            "navlinks": [
                {
                    "text": "1",
                    "target": "1"
                }
            ]
        },
        {
            "text": "Storage",
            "target": "Storage",
            "navlinks": [
                {
                    "text": "NVMeoF",
                    "target": "NVMeoF"
                }
            ]
        },
        {
            "text": "Fabrics",
            "target": "Fabrics",
            "navlinks": [
                {
                    "text": "NVMeoF",
                    "target": "NVMeoF"
                }
            ]
        },
        {
            "text": "Managers",
            "target": "Managers",
            "navlinks": [
                {
                    "text": "BMC",
                    "target": "BMC"
                }
            ]
        },
        {
            "text": "Session Service",
            "target": "SessionService"
        },
        {
            "target": "AccountService",
            "text": "Account Service"
        }
    ]
}