{
    "@odata.type": "#ServiceRoot.v1_17_0.ServiceRoot",
    "Id": "RootService",
    "Name": "Root Service",
    "RedfishVersion": "1.15.0",
    "UUID": "92384634-2938-2342-8820-489239905423",
    "ProtocolFeaturesSupported": {
        "ExpandQuery": {
            "ExpandAll": true,
            "Levels": true,
            "MaxLevels": 6,
            "Links": true,
            "NoLinks": true
        },
        "SelectQuery": false,
        "FilterQuery": false,
        "OnlyMemberQuery": true,
        "ExcerptQuery": true
    },
    "Systems": {
        "@odata.id": "/redfish/v1/Systems"
    },
    "Chassis": {
        "@odata.id": "/redfish/v1/Chassis"
    },
    "Managers": {
        "@odata.id": "/redfish/v1/Managers"
    },
    "SessionService": {
        "@odata.id": "/redfish/v1/SessionService"
    },
    "AccountService": {
        "@odata.id": "/redfish/v1/AccountService"
    },
    "Storage": {
        "@odata.id": "/redfish/v1/Storage"
    },
    "Fabrics": {
        "@odata.id": "/redfish/v1/Fabrics"
    },
    "Links": {
        "Sessions": {
            "@odata.id": "/redfish/v1/SessionService/Sessions"
        }
    },
    "@odata.id": "/redfish/v1/",
    "@Redfish.Copyright": "Copyright 2014-2023 DMTF. For the full DMTF copyright policy, see http://www.dmtf.org/about/policies/copyright."
}