{
    "@odata.type": "#Connection.v1_3_2.Connection",
    "Id": "3",
    "Name": "Connection info for zone 1",
    "ConnectionType": "Storage",
    "VolumeInfo": [
        {
            "AccessCapabilities": [
                "Read"
            ],
            "Volume": {
                "@odata.id": "/redfish/v1/Storage/NVMeoF/Volumes/3"
            }
        },
        {
            "AccessCapabilities": [
                "Read"
            ],
            "Volume": {
                "@odata.id": "/redfish/v1/Storage/NVMeoF/Volumes/4"
            }
        }
    ],
    "Links": {
        "InitiatorEndpointGroups": [
            {
                "@odata.id": "/redfish/v1/Fabrics/NVMeoF/EndpointGroups/1"
            }
        ]
    },
    "@odata.id": "/redfish/v1/Fabrics/NVMeoF/Connections/3",
    "@Redfish.Copyright": "Copyright 2014-2023 DMTF. For the full DMTF copyright policy, see http://www.dmtf.org/about/policies/copyright."
}