{
    "@odata.type": "#Storage.v1_16_0.Storage",
    "Id": "NVMeoF",
    "Name": "NVMe-oF Subsystem",
    "Status": {
        "State": "Enabled",
        "Health": "OK"
    },
    "Identifiers": [
        {
            "DurableName": "nqn.corp.com:nvme:nvm-subsys-sn-7642",
            "DurableNameFormat": "NQN"
        }
    ],
    "Drives": [
        {
            "@odata.id": "/redfish/v1/Chassis/1/Drives/1"
        },
        {
            "@odata.id": "/redfish/v1/Chassis/1/Drives/2"
        },
        {
            "@odata.id": "/redfish/v1/Chassis/1/Drives/3"
        }
    ],
    "Volumes": {
        "@odata.id": "/redfish/v1/Storage/NVMeoF/Volumes"
    },
    "Controllers": {
        "@odata.id": "/redfish/v1/Storage/NVMeoF/Controllers"
    },
    "@odata.id": "/redfish/v1/Storage/NVMeoF",
    "@Redfish.Copyright": "Copyright 2014-2023 DMTF. For the full DMTF copyright policy, see http://www.dmtf.org/about/policies/copyright."
}