{
    "@odata.type": "#CoolantConnector.v1_0_2.CoolantConnector",
    "Id": "1",
    "Name": "Main supply from facility",
    "Status": {
        "State": "Enabled",
        "Health": "OK"
    },
    "CoolantConnectorType": "Pair",
    "Coolant": {
        "CoolantType": "Water",
        "AdditiveName": "Generic cooling water biocide",
        "AdditivePercent": 0
    },
    "RatedFlowLitersPerMinute": 50,
    "FlowLitersPerMinute": {
        "Reading": 42,
        "DataSourceUri": "/redfish/v1/Chassis/CDU/Sensors/PrimaryFlow"
    },
    "SupplyTemperatureCelsius": {
        "Reading": 30,
        "DataSourceUri": "/redfish/v1/Chassis/CDU/Sensors/PrimarySupplyTemp"
    },
    "ReturnTemperatureCelsius": {
        "Reading": 40,
        "DataSourceUri": "/redfish/v1/Chassis/CDU/Sensors/PrimaryReturnTemp"
    },
    "DeltaTemperatureCelsius": {
        "Reading": 10,
        "DataSourceUri": "/redfish/v1/Chassis/CDU/Sensors/PrimaryDeltaTemp"
    },
    "SupplyPressurekPa": {
        "Reading": 827,
        "DataSourceUri": "/redfish/v1/Chassis/CDU/Sensors/PrimarySupplyPressure"
    },
    "ReturnPressurekPa": {
        "Reading": 965,
        "DataSourceUri": "/redfish/v1/Chassis/CDU/Sensors/PrimaryReturnPressure"
    },
    "DeltaPressurekPa": {
        "Reading": 138,
        "DataSourceUri": "/redfish/v1/Chassis/CDU/Sensors/PrimaryDeltaPressure"
    },
    "HeatRemovedkW": {
        "Reading": 25.48,
        "DataSourceUri": "/redfish/v1/Chassis/CDU/Sensors/PrimaryHeatLoad"
    },
    "@odata.id": "/redfish/v1/ThermalEquipment/CDUs/1/PrimaryCoolantConnectors/1",
    "@Redfish.Copyright": "Copyright 2014-2023 DMTF. For the full DMTF copyright policy, see http://www.dmtf.org/about/policies/copyright."
}