{
    "@odata.type": "#Sensor.v1_9_0.Sensor",
    "Id": "PrimaryHeatLoad",
    "Name": "Primary Heat Load",
    "ReadingType": "Heat",
    "Status": {
        "State": "Enabled",
        "Health": "OK"
    },
    "Reading": 25.48,
    "ReadingUnits": "kW",
    "ReadingRangeMin": 0,
    "ReadingRangeMax": 100,
    "ReadingBasis": "Zero",
    "SensingInterval": "PT5S",
    "PhysicalContext": "Chassis",
    "@odata.id": "/redfish/v1/Chassis/CDU/Sensors/PrimaryHeatLoad",
    "@Redfish.Copyright": "Copyright 2014-2023 DMTF. For the full DMTF copyright policy, see http://www.dmtf.org/about/policies/copyright."
}