{
    "@odata.type": "#PowerSupplyCollection.PowerSupplyCollection",
    "Name": "Power Supply Collection",
    "Members@odata.count": 6,
    "Members": [
        {
            "@odata.id": "/redfish/v1/Chassis/PowerShelf/PowerSubsystem/PowerSupplies/Bay1"
        },
        {
            "@odata.id": "/redfish/v1/Chassis/PowerShelf/PowerSubsystem/PowerSupplies/Bay3"
        },
        {
            "@odata.id": "/redfish/v1/Chassis/PowerShelf/PowerSubsystem/PowerSupplies/Bay3"
        },
        {
            "@odata.id": "/redfish/v1/Chassis/PowerShelf/PowerSubsystem/PowerSupplies/Bay4"
        },
        {
            "@odata.id": "/redfish/v1/Chassis/PowerShelf/PowerSubsystem/PowerSupplies/Bay5"
        },
        {
            "@odata.id": "/redfish/v1/Chassis/PowerShelf/PowerSubsystem/PowerSupplies/Bay6"
        }
    ],
    "@odata.id": "/redfish/v1/Chassis/PowerShelf/PowerSubsystem/PowerSupplies",
    "@Redfish.Copyright": "Copyright 2014-2023 DMTF. For the full DMTF copyright policy, see http://www.dmtf.org/about/policies/copyright."
}