{
    "@odata.type": "#LogEntry.v1_16_1.LogEntry",
    "Id": "1",
    "Name": "Log Entry 1",
    "EntryType": "SEL",
    "Severity": "Critical",
    "Created": "2012-03-07T14:44:00Z",
    "EntryCode": "Upper Critical - going high",
    "SensorType": "Temperature",
    "SensorNumber": 1,
    "Message": "Temperature threshold exceeded",
    "MessageId": "0x592A28",
    "Links": {
        "OriginOfCondition": {
            "@odata.id": "/redfish/v1/Chassis/1U/Thermal"
        }
    },
    "@odata.id": "/redfish/v1/Systems/437XR1138R2/LogServices/Log1/Entries/1",
    "@Redfish.Copyright": "Copyright 2014-2023 DMTF. For the full DMTF copyright policy, see http://www.dmtf.org/about/policies/copyright."
}