{
    "@odata.type": "#SensorCollection.SensorCollection",
    "Name": "Power Shelf Chassis Sensor Collection",
    "Members@odata.count": 31,
    "Members": [
        {
            "@odata.id": "/redfish/v1/Chassis/PowerShelf/Sensors/CurrentA"
        },
        {
            "@odata.id": "/redfish/v1/Chassis/PowerShelf/Sensors/CurrentB"
        },
        {
            "@odata.id": "/redfish/v1/Chassis/PowerShelf/Sensors/CurrentDC"
        },
        {
            "@odata.id": "/redfish/v1/Chassis/PowerShelf/Sensors/CurrentMains1"
        },
        {
            "@odata.id": "/redfish/v1/Chassis/PowerShelf/Sensors/CurrentMains2"
        },
        {
            "@odata.id": "/redfish/v1/Chassis/PowerShelf/Sensors/EnergyDC"
        },
        {
            "@odata.id": "/redfish/v1/Chassis/PowerShelf/Sensors/FreqMains1"
        },
        {
            "@odata.id": "/redfish/v1/Chassis/PowerShelf/Sensors/FreqMains2"
        },
        {
            "@odata.id": "/redfish/v1/Chassis/PowerShelf/Sensors/FrequencyA1"
        },
        {
            "@odata.id": "/redfish/v1/Chassis/PowerShelf/Sensors/PowerA"
        },
        {
            "@odata.id": "/redfish/v1/Chassis/PowerShelf/Sensors/PowerB"
        },
        {
            "@odata.id": "/redfish/v1/Chassis/PowerShelf/Sensors/PowerDC"
        },
        {
            "@odata.id": "/redfish/v1/Chassis/PowerShelf/Sensors/PowerMains1"
        },
        {
            "@odata.id": "/redfish/v1/Chassis/PowerShelf/Sensors/PowerMains2"
        },
        {
            "@odata.id": "/redfish/v1/Chassis/PowerShelf/Sensors/VoltageA"
        },
        {
            "@odata.id": "/redfish/v1/Chassis/PowerShelf/Sensors/VoltageB"
        },
        {
            "@odata.id": "/redfish/v1/Chassis/PowerShelf/Sensors/VoltageDC"
        },
        {
            "@odata.id": "/redfish/v1/Chassis/PowerShelf/Sensors/VoltageMains1"
        },
        {
            "@odata.id": "/redfish/v1/Chassis/PowerShelf/Sensors/VoltageMains2"
        },
        {
            "@odata.id": "/redfish/v1/Chassis/PowerShelf/Sensors/PS1_120VCurrent"
        },
        {
            "@odata.id": "/redfish/v1/Chassis/PowerShelf/Sensors/PS1_120VOutput"
        },
        {
            "@odata.id": "/redfish/v1/Chassis/PowerShelf/Sensors/PS1_DCCurrent"
        },
        {
            "@odata.id": "/redfish/v1/Chassis/PowerShelf/Sensors/PS1_DCVOutput"
        },
        {
            "@odata.id": "/redfish/v1/Chassis/PowerShelf/Sensors/PS1Energy"
        },
        {
            "@odata.id": "/redfish/v1/Chassis/PowerShelf/Sensors/PS1Fan"
        },
        {
            "@odata.id": "/redfish/v1/Chassis/PowerShelf/Sensors/PS1Frequency"
        },
        {
            "@odata.id": "/redfish/v1/Chassis/PowerShelf/Sensors/PS1InputCurrent"
        },
        {
            "@odata.id": "/redfish/v1/Chassis/PowerShelf/Sensors/PS1InputPower"
        },
        {
            "@odata.id": "/redfish/v1/Chassis/PowerShelf/Sensors/PS1InputVoltage"
        },
        {
            "@odata.id": "/redfish/v1/Chassis/PowerShelf/Sensors/PS1OutputPower"
        },
        {
            "@odata.id": "/redfish/v1/Chassis/PowerShelf/Sensors/PS1Temp"
        }
    ],
    "@odata.id": "/redfish/v1/Chassis/PowerShelf/Sensors",
    "@Redfish.Copyright": "Copyright 2014-2023 DMTF. For the full DMTF copyright policy, see http://www.dmtf.org/about/policies/copyright."
}