{
    "@odata.type": "#VolumeCollection.VolumeCollection",
    "Name": "Storage Volume Collection",
    "Members@odata.count": 4,
    "Members": [
        {
            "@odata.id": "/redfish/v1/Storage/NVMeoF/Volumes/1"
        },
        {
            "@odata.id": "/redfish/v1/Storage/NVMeoF/Volumes/2"
        },
        {
            "@odata.id": "/redfish/v1/Storage/NVMeoF/Volumes/3"
        },
        {
            "@odata.id": "/redfish/v1/Storage/NVMeoF/Volumes/4"
        }
    ],
    "@odata.id": "/redfish/v1/Storage/NVMeoF/Volumes",
    "@Redfish.Copyright": "Copyright 2014-2023 DMTF. For the full DMTF copyright policy, see http://www.dmtf.org/about/policies/copyright."
}