{
    "@odata.type": "#Outlet.v1_4_3.Outlet",
    "Id": "B1",
    "Name": "Outlet B1, Branch Circuit B",
    "Status": {
        "Health": "OK",
        "State": "Enabled"
    },
    "PhaseWiringType": "OnePhase3Wire",
    "VoltageType": "AC",
    "OutletType": "NEMA_5_15R",
    "RatedCurrentAmps": 15,
    "NominalVoltage": "AC120V",
    "LocationIndicatorActive": true,
    "PowerOnDelaySeconds": 4,
    "PowerOffDelaySeconds": 0,
    "PowerState": "On",
    "PowerEnabled": true,
    "Voltage": {
        "DataSourceUri": "/redfish/v1/Chassis/PowerShelf/Sensors/VoltageB",
        "Reading": 121.4
    },
    "CurrentAmps": {
        "DataSourceUri": "/redfish/v1/Chassis/PowerShelf/Sensors/CurrentB",
        "Reading": 1.59
    },
    "PowerWatts": {
        "DataSourceUri": "/redfish/v1/Chassis/PowerShelf/Sensors/PowerB",
        "Reading": 192.4
    },
    "Actions": {
        "#Outlet.PowerControl": {
            "target": "/redfish/v1/PowerEquipment/PowerShelves/1/Outlets/B1/Outlet.PowerControl"
        }
    },
    "Links": {
        "BranchCircuit": {
            "@odata.id": "/redfish/v1/PowerEquipment/PowerShelves/1/Branches/B"
        }
    },
    "@odata.id": "/redfish/v1/PowerEquipment/PowerShelves/1/Outlets/B1",
    "@Redfish.Copyright": "Copyright 2014-2023 DMTF. For the full DMTF copyright policy, see http://www.dmtf.org/about/policies/copyright."
}