{
    "@odata.type": "#OutletCollection.OutletCollection",
    "Name": "Outlet Collection",
    "Members@odata.count": 3,
    "Members": [
        {
            "@odata.id": "/redfish/v1/PowerEquipment/ElectricalBuses/Rack42Busbar/Outlets/A1"
        },
        {
            "@odata.id": "/redfish/v1/PowerEquipment/ElectricalBuses/Rack42Busbar/Outlets/A2"
        },
        {
            "@odata.id": "/redfish/v1/PowerEquipment/ElectricalBuses/Rack42Busbar/Outlets/A3"
        }
    ],
    "@odata.id": "/redfish/v1/PowerEquipment/ElectricalBuses/Rack42Busbar/Outlets",
    "@Redfish.Copyright": "Copyright 2014-2023 DMTF. For the full DMTF copyright policy, see http://www.dmtf.org/about/policies/copyright."
}