{
    "@odata.type": "#LogEntryCollection.LogEntryCollection",
    "Name": "Log Service Collection",
    "Description": "Collection of Logs for this System",
    "Members@odata.count": 1,
    "Members": [
        {
            "@odata.id": "/redfish/v1/Managers/BMC/LogServices/Log/Entries/1",
            "@odata.type": "#LogEntry.v1_16_1.LogEntry",
            "Id": "1",
            "Name": "Log Entry 1",
            "EntryType": "Event",
            "Severity": "Critical",
            "Created": "2020-03-30T07:44:35-05:00",
            "SensorNumber": 1,
            "Message": "System May be Melting",
            "MessageId": "Event.1.0.TempWayTooHot",
            "MessageArgs": [
                "88"
            ],
            "Links": {
                "OriginOfCondition": {
                    "@odata.id": "/redfish/v1/Chassis/1/Thermal"
                }
            }
        }
    ],
    "@odata.id": "/redfish/v1/Managers/BMC/LogServices/Log/Entries",
    "@Redfish.Copyright": "Copyright 2014-2023 DMTF. For the full DMTF copyright policy, see http://www.dmtf.org/about/policies/copyright."
}