{
    "@odata.type": "#Sensor.v1_9_0.Sensor",
    "Id": "SecondaryReturnPressure",
    "Name": "Secondary Return Pressure",
    "ReadingType": "PressurekPa",
    "Status": {
        "State": "Enabled",
        "Health": "OK"
    },
    "Reading": 137,
    "ReadingUnits": "kPa",
    "ReadingRangeMin": 0,
    "ReadingRangeMax": 300,
    "ReadingBasis": "Zero",
    "SensingInterval": "PT5S",
    "PhysicalContext": "LiquidInlet",
    "Thresholds": {
        "UpperCaution": {
            "Reading": 190,
            "Activation": "Increasing",
            "DwellTime": "PT1M"
        }
    },
    "@odata.id": "/redfish/v1/Chassis/CDU/Sensors/SecondaryReturnPressure",
    "@Redfish.Copyright": "Copyright 2014-2023 DMTF. For the full DMTF copyright policy, see http://www.dmtf.org/about/policies/copyright."
}