{
    "@odata.type": "#PowerEquipment.v1_2_2.PowerEquipment",
    "Id": "PowerEquipment",
    "Name": "Example Power Shelf",
    "Status": {
        "State": "Enabled",
        "Health": "OK",
        "HealthRollup": "OK",
        "Conditions": []
    },
    "PowerShelves": {
        "@odata.id": "/redfish/v1/PowerEquipment/PowerShelves"
    },
    "@odata.id": "/redfish/v1/PowerEquipment",
    "@Redfish.Copyright": "Copyright 2014-2023 DMTF. For the full DMTF copyright policy, see http://www.dmtf.org/about/policies/copyright."
}