{
    "@odata.type": "#Circuit.v1_8_0.Circuit",
    "Id": "AC",
    "Name": "Bus AC Input",
    "Status": {
        "Health": "OK"
    },
    "CircuitType": "Mains",
    "PhaseWiringType": "OnePhase3Wire",
    "NominalVoltage": "AC240V",
    "Voltage": {
        "DataSourceUri": "/redfish/v1/PowerEquipment/ElectricalBuses/Busway/Sensors/VoltageMains1",
        "Reading": 240.8
    },
    "CurrentAmps": {
        "DataSourceUri": "/redfish/v1/PowerEquipment/ElectricalBuses/Busway/Sensors/CurrentMains1",
        "Reading": 25.68
    },
    "ElectricalSourceName": "Room 237 Feed",
    "Links": {
        "BranchCircuit": {
            "@odata.id": "http://192.168.5.22/redfish/v1/PowerEquipment/ElectricalBuses/Room237/Feeders/1"
        }
    },
    "@odata.id": "/redfish/v1/PowerEquipment/ElectricalBuses/Busway/Mains/AC",
    "@Redfish.Copyright": "Copyright 2014-2023 DMTF. For the full DMTF copyright policy, see http://www.dmtf.org/about/policies/copyright."
}