{
    "@odata.type": "#Endpoint.v1_8_2.Endpoint",
    "Id": "Enclosure2",
    "Name": "SAS Enclosure",
    "Description": "A zoning capable SAS Enclosure",
    "EndpointProtocol": "SAS",
    "ConnectedEntities": [
        {
            "EntityType": "StorageExpander",
            "EntityRole": null,
            "Identifiers": [
                {
                    "DurableNameFormat": "NAA",
                    "DurableName": "32ADF365C6C1B7C2"
                }
            ]
        },
        {
            "EntityType": "Drive",
            "EntityRole": "Target",
            "Identifiers": [
                {
                    "DurableNameFormat": "NAA",
                    "DurableName": "32ADF365C6C1B7C3"
                }
            ]
        },
        {
            "EntityType": "Drive",
            "EntityRole": "Target",
            "Identifiers": [
                {
                    "DurableNameFormat": "NAA",
                    "DurableName": "32ADF365C6C1B7C4"
                }
            ]
        },
        {
            "EntityType": "Drive",
            "EntityRole": "Target",
            "Identifiers": []
        },
        {
            "EntityType": "Drive",
            "EntityRole": "Target",
            "Identifiers": []
        }
    ],
    "Links": {
        "MutuallyExclusiveEndpoints": [
            {
                "@odata.id": "/redfish/v1/Fabrics/SAS/Endpoints/Drive1"
            },
            {
                "@odata.id": "/redfish/v1/Fabrics/SAS/Endpoints/Drive2"
            },
            {
                "@odata.id": "/redfish/v1/Fabrics/SAS/Endpoints/Drive3"
            },
            {
                "@odata.id": "/redfish/v1/Fabrics/SAS/Endpoints/Drive4"
            }
        ],
        "ConnectedPorts": [
            {
                "@odata.id": "/redfish/v1/Fabrics/SAS/Switches/Switch1/Ports/8"
            },
            {
                "@odata.id": "/redfish/v1/Fabrics/SAS/Switches/Switch2/Ports/8"
            }
        ]
    },
    "@odata.id": "/redfish/v1/Fabrics/SAS/Endpoints/Enclosure2",
    "@Redfish.Copyright": "Copyright 2014-2023 DMTF. For the full DMTF copyright policy, see http://www.dmtf.org/about/policies/copyright."
}