{
    "@odata.type": "#Port.v1_12_0.Port",
    "Id": "8",
    "Name": "SAS Port 8",
    "Description": "SAS Port 8",
    "Status": {
        "State": "Enabled",
        "Health": "OK"
    },
    "PortId": "8",
    "PortProtocol": "SAS",
    "PortType": "BidirectionalPort",
    "CurrentSpeedGbps": 48,
    "Width": 4,
    "MaxSpeedGbps": 48,
    "Links": {
        "AssociatedEndpoints": [
            {
                "@odata.id": "/redfish/v1/Fabrics/SAS/Endpoints/Enclosure2"
            },
            {
                "@odata.id": "/redfish/v1/Fabrics/SAS/Endpoints/Drive1"
            },
            {
                "@odata.id": "/redfish/v1/Fabrics/SAS/Endpoints/Drive2"
            },
            {
                "@odata.id": "/redfish/v1/Fabrics/SAS/Endpoints/Drive3"
            },
            {
                "@odata.id": "/redfish/v1/Fabrics/SAS/Endpoints/Drive4"
            }
        ]
    },
    "@odata.id": "/redfish/v1/Fabrics/SAS/Switches/Switch2/Ports/8",
    "@Redfish.Copyright": "Copyright 2014-2023 DMTF. For the full DMTF copyright policy, see http://www.dmtf.org/about/policies/copyright."
}