{
    "@odata.type": "#ComputerSystem.v1_22_1.ComputerSystem",
    "Id": "437XR1138R2",
    "Name": "WebFrontEnd483",
    "SystemType": "Physical",
    "AssetTag": "Chicago-45Z-2381",
    "Manufacturer": "Contoso",
    "Model": "3500",
    "SubModel": "RX",
    "SKU": "8675309",
    "SerialNumber": "437XR1138R2",
    "PartNumber": "224071-J23",
    "Description": "Web Front End node",
    "UUID": "38947555-7742-3448-3784-823347823834",
    "HostName": "web483",
    "Status": {
        "State": "Enabled",
        "Health": "OK",
        "HealthRollup": "OK"
    },
    "HostingRoles": [
        "ApplicationServer"
    ],
    "IndicatorLED": "Off",
    "PowerState": "On",
    "Boot": {
        "BootSourceOverrideEnabled": "Once",
        "BootSourceOverrideTarget": "Pxe",
        "BootSourceOverrideTarget@Redfish.AllowableValues": [
            "None",
            "Pxe",
            "Cd",
            "Usb",
            "Hdd",
            "BiosSetup",
            "Utilities",
            "Diags",
            "SDCard",
            "UefiTarget"
        ],
        "BootSourceOverrideMode": "UEFI",
        "UefiTargetBootSourceOverride": "/0x31/0x33/0x01/0x01"
    },
    "TrustedModules": [
        {
            "FirmwareVersion": "1.13b",
            "InterfaceType": "TPM1_2",
            "Status": {
                "State": "Enabled",
                "Health": "OK"
            }
        }
    ],
    "Oem": {
        "Contoso": {
            "@odata.type": "#Contoso.ComputerSystem",
            "ProductionLocation": {
                "FacilityName": "PacWest Production Facility",
                "Country": "USA"
            }
        },
        "Chipwise": {
            "@odata.type": "#Chipwise.ComputerSystem",
            "Style": "Executive"
        }
    },
    "BiosVersion": "P79 v1.45 (12/06/2017)",
    "ProcessorSummary": {
        "Count": 2,
        "Model": "Multi-Core Intel(R) Xeon(R) processor 7xxx Series",
        "LogicalProcessorCount": 16,
        "CoreCount": 8,
        "Status": {
            "State": "Enabled",
            "Health": "OK",
            "HealthRollup": "OK"
        }
    },
    "MemorySummary": {
        "TotalSystemMemoryGiB": 96,
        "TotalSystemPersistentMemoryGiB": 0,
        "MemoryMirroring": "None",
        "Status": {
            "State": "Enabled",
            "Health": "OK",
            "HealthRollup": "OK"
        }
    },
    "Bios": {
        "@odata.id": "/redfish/v1/Systems/437XR1138R2/Bios"
    },
    "Processors": {
        "@odata.id": "/redfish/v1/Systems/437XR1138R2/Processors"
    },
    "Memory": {
        "@odata.id": "/redfish/v1/Systems/437XR1138R2/Memory"
    },
    "SimpleStorage": {
        "@odata.id": "/redfish/v1/Systems/437XR1138R2/SimpleStorage"
    },
    "LogServices": {
        "@odata.id": "/redfish/v1/Systems/437XR1138R2/LogServices"
    },
    "Links": {
        "Chassis": [
            {
                "@odata.id": "/redfish/v1/Chassis/1U"
            }
        ],
        "ManagedBy": [
            {
                "@odata.id": "/redfish/v1/Managers/BMC"
            }
        ]
    },
    "Actions": {
        "#ComputerSystem.Reset": {
            "target": "/redfish/v1/Systems/437XR1138R2/Actions/ComputerSystem.Reset",
            "ResetType@Redfish.AllowableValues": [
                "On",
                "ForceOff",
                "GracefulShutdown",
                "GracefulRestart",
                "ForceRestart",
                "Nmi",
                "ForceOn",
                "PushPowerButton"
            ]
        },
        "Oem": {
            "#Contoso.Reset": {
                "target": "/redfish/v1/Systems/437XR1138R2/Oem/Contoso/Actions/Contoso.Reset"
            }
        }
    },
    "@odata.id": "/redfish/v1/Systems/437XR1138R2",
    "@Redfish.Copyright": "Copyright 2014-2023 DMTF. For the full DMTF copyright policy, see http://www.dmtf.org/about/policies/copyright."
}