{
    "@odata.type": "#Outlet.v1_4_3.Outlet",
    "Id": "A3",
    "Name": "Outlet A3",
    "VoltageType": "DC",
    "OutletType": "BusConnection",
    "RatedCurrentAmps": 20,
    "NominalVoltage": "DC48V",
    "ElectricalConsumerNames": [
        "Contoso 48-port Ethernet Switch"
    ],
    "Links": {
        "BranchCircuit": {
            "@odata.id": "/redfish/v1/PowerEquipment/ElectricalBuses/Rack42Busbar/Mains/DC"
        }
    },
    "@odata.id": "/redfish/v1/PowerEquipment/ElectricalBuses/Rack42Busbar/Outlets/A3",
    "@Redfish.Copyright": "Copyright 2014-2023 DMTF. For the full DMTF copyright policy, see http://www.dmtf.org/about/policies/copyright."
}