{
    "@odata.type": "#ManagerNetworkProtocol.v1_10_1.ManagerNetworkProtocol",
    "Id": "NetworkProtocol",
    "Name": "Manager Network Protocol",
    "Description": "Manager Network Service",
    "Status": {
        "State": "Enabled",
        "Health": "OK"
    },
    "HostName": "switch1-manage",
    "FQDN": "switch1-manage.dmtf.org",
    "HTTP": {
        "ProtocolEnabled": true,
        "Port": 80
    },
    "HTTPS": {
        "ProtocolEnabled": true,
        "Port": 443
    },
    "SSH": {
        "ProtocolEnabled": true,
        "Port": 22
    },
    "Telnet": {
        "ProtocolEnabled": false,
        "Port": 23
    },
    "@odata.id": "/redfish/v1/Managers/Switch1/NetworkProtocol",
    "@Redfish.Copyright": "Copyright 2014-2023 DMTF. For the full DMTF copyright policy, see http://www.dmtf.org/about/policies/copyright."
}