{
    "@odata.type": "#Volume.v1_10_0.Volume",
    "Id": "3",
    "Name": "NVMe Namespace",
    "Status": {
        "State": "Enabled",
        "Health": "OK"
    },
    "VolumeType": "RawDevice",
    "CapacityBytes": 449763500000,
    "Identifiers": [
        {
            "DurableNameFormat": "NGUID",
            "DurableName": "010000000100000022334455667788bb"
        }
    ],
    "NVMeNamespaceProperties": {
        "NamespaceId": "0x1",
        "NamespaceFeatures": {
            "SupportsThinProvisioning": false,
            "SupportsAtomicTransactionSize": false,
            "SupportsDeallocatedOrUnwrittenLBError": false,
            "SupportsNGUIDReuse": false,
            "SupportsIOPerformanceHints": false
        },
        "NumberLBAFormats": 0,
        "FormattedLBASize": "LBAFormat0Support",
        "MetadataTransferredAtEndOfDataLBA": false,
        "NVMeVersion": "1.4"
    },
    "Links": {
        "Drives": [
            {
                "@odata.id": "/redfish/v1/Chassis/1/Drives/3"
            }
        ]
    },
    "@odata.id": "/redfish/v1/Storage/NVMeoF/Volumes/3",
    "@Redfish.Copyright": "Copyright 2014-2023 DMTF. For the full DMTF copyright policy, see http://www.dmtf.org/about/policies/copyright."
}