{
    "@odata.type": "#NetworkAdapterCollection.NetworkAdapterCollection",
    "Name": "Network Adapter Collection",
    "Members@odata.count": 2,
    "Members": [
        {
            "@odata.id": "/redfish/v1/Chassis/1U/NetworkAdapters/Slot1"
        },
        {
            "@odata.id": "/redfish/v1/Chassis/1U/NetworkAdapters/Slot2"
        }
    ],
    "@odata.id": "/redfish/v1/Chassis/1U/NetworkAdapters",
    "@Redfish.Copyright": "Copyright 2014-2023 DMTF. For the full DMTF copyright policy, see http://www.dmtf.org/about/policies/copyright."
}