{
    "@odata.type": "#PowerDistributionMetrics.v1_3_2.PowerDistributionMetrics",
    "Id": "Metrics",
    "Name": "Summary Metrics",
    "PowerWatts": {
        "DataSourceUri": "/redfish/v1/Chassis/PowerShelf/Sensors/PDUPower",
        "Reading": 6438,
        "ApparentVA": 6300,
        "ReactiveVAR": 100,
        "PowerFactor": 0.93
    },
    "EnergykWh": {
        "DataSourceUri": "/redfish/v1/Chassis/PowerShelf/Sensors/PDUEnergy",
        "Reading": 56438
    },
    "TemperatureCelsius": {
        "DataSourceUri": "/redfish/v1/Chassis/PowerShelf/Sensors/CabTemp",
        "Reading": 31
    },
    "Actions": {
        "#PowerDistributionMetrics.ResetMetrics": {
            "target": "/redfish/v1/PowerEquipment/PowerShelves/1/Metrics/PowerDistributionMetrics.ResetMetrics"
        }
    },
    "@odata.id": "/redfish/v1/PowerEquipment/PowerShelves/1/Metrics",
    "@Redfish.Copyright": "Copyright 2014-2023 DMTF. For the full DMTF copyright policy, see http://www.dmtf.org/about/policies/copyright."
}