{
    "@odata.type": "#PowerDistribution.v1_4_0.PowerDistribution",
    "Id": "Rack42Busbar",
    "EquipmentType": "Bus",
    "Name": "Contoso Busbar",
    "Version": "1.01a",
    "ProductionDate": "2021-01-11T08:00:00Z",
    "Manufacturer": "Contoso",
    "Model": "Yellow-School",
    "SerialNumber": "2953767",
    "PartNumber": "BUS42U48V",
    "AssetTag": "PDX-92382",
    "Location": {
        "Placement": {
            "Row": "North 1",
            "Rack": "42"
        }
    },
    "Mains": {
        "@odata.id": "/redfish/v1/PowerEquipment/ElectricalBuses/Rack42Busbar/Mains"
    },
    "Outlets": {
        "@odata.id": "/redfish/v1/PowerEquipment/ElectricalBuses/Rack42Busbar/Outlets"
    },
    "Links": {
        "Facility": {
            "@odata.id": "/redfish/v1/Facilities/Room237"
        }
    },
    "@odata.id": "/redfish/v1/PowerEquipment/ElectricalBuses/Rack42Busbar",
    "@Redfish.Copyright": "Copyright 2014-2023 DMTF. For the full DMTF copyright policy, see http://www.dmtf.org/about/policies/copyright."
}