{
    "@odata.type": "#Outlet.v1_4_3.Outlet",
    "Id": "A3",
    "Name": "Outlet A3",
    "VoltageType": "AC",
    "OutletType": "BusConnection",
    "RatedCurrentAmps": 20,
    "NominalVoltage": "AC240V",
    "Links": {
        "BranchCircuit": {
            "@odata.id": "/redfish/v1/PowerEquipment/ElectricalBuses/Busway/Mains/AC"
        },
        "Chassis": [
            {
                "@odata.id": "https://192.168.1.48/redfish/v1/Chassis/1/"
            }
        ]
    },
    "@odata.id": "/redfish/v1/PowerEquipment/ElectricalBuses/Busway/Outlets/A3",
    "@Redfish.Copyright": "Copyright 2014-2023 DMTF. For the full DMTF copyright policy, see http://www.dmtf.org/about/policies/copyright."
}