{
    "@odata.type": "#CircuitCollection.CircuitCollection",
    "Name": "Mains Circuit Collection",
    "Members@odata.count": 2,
    "Members": [
        {
            "@odata.id": "/redfish/v1/PowerEquipment/PowerShelves/1/Mains/AC1"
        },
        {
            "@odata.id": "/redfish/v1/PowerEquipment/PowerShelves/1/Mains/AC2"
        }
    ],
    "@odata.id": "/redfish/v1/PowerEquipment/PowerShelves/1/Mains",
    "@Redfish.Copyright": "Copyright 2014-2023 DMTF. For the full DMTF copyright policy, see http://www.dmtf.org/about/policies/copyright."
}