{
    "@odata.type": "#Endpoint.v1_8_2.Endpoint",
    "Id": "Target1",
    "Name": "NVMe-oF Target",
    "EndpointProtocol": "NVMeOverFabrics",
    "Identifiers": [
        {
            "DurableName": "nqn.corp.com:nvme:nvm-subsys-sn-7642",
            "DurableNameFormat": "NQN"
        }
    ],
    "ConnectedEntities": [
        {
            "EntityType": "NetworkController",
            "EntityRole": "Target",
            "EntityLink": {
                "@odata.id": "/redfish/v1/Chassis/1/NetworkAdapters/1/NetworkDeviceFunctions/1"
            }
        }
    ],
    "IPTransportDetails": [
        {
            "TransportProtocol": "TCP",
            "IPv4Address": {
                "Address": "10.3.5.132"
            },
            "Port": 13244
        }
    ],
    "@odata.id": "/redfish/v1/Fabrics/NVMeoF/Endpoints/Target1",
    "@Redfish.Copyright": "Copyright 2014-2023 DMTF. For the full DMTF copyright policy, see http://www.dmtf.org/about/policies/copyright."
}