{
    "@odata.type": "#LogServiceCollection.LogServiceCollection",
    "Name": "Log Service Collection",
    "Description": "Collection of Logs for this System",
    "Members@odata.count": 1,
    "Members": [
        {
            "@odata.id": "/redfish/v1/Systems/437XR1138R2/LogServices/Log1"
        }
    ],
    "@odata.id": "/redfish/v1/Systems/437XR1138R2/LogServices",
    "@Redfish.Copyright": "Copyright 2014-2023 DMTF. For the full DMTF copyright policy, see http://www.dmtf.org/about/policies/copyright."
}