{
    "@odata.type": "#Circuit.v1_8_0.Circuit",
    "Id": "DC",
    "Name": "DC Output Circuit to Busbar",
    "Status": {
        "State": "Enabled",
        "Health": "OK"
    },
    "CircuitType": "Bus",
    "VoltageType": "DC",
    "NominalVoltage": "DC48V",
    "RatedCurrentAmps": 250,
    "BreakerState": "Normal",
    "Voltage": {
        "DataSourceUri": "/redfish/v1/Chassis/PowerShelf/Sensors/VoltageDC",
        "Reading": 48.45
    },
    "CurrentAmps": {
        "DataSourceUri": "/redfish/v1/Chassis/PowerShelf/Sensors/CurrentDC",
        "Reading": 16.93
    },
    "PowerWatts": {
        "DataSourceUri": "/redfish/v1/Chassis/PowerShelf/Sensors/PowerDC",
        "Reading": 816.5
    },
    "EnergykWh": {
        "DataSourceUri": "/redfish/v1/Chassis/PowerShelf/Sensors/EnergyDC",
        "Reading": 121666
    },
    "Links": {
        "DistributionCircuits": [
            {
                "@odata.id": "/redfish/v1/PowerEquipment/ElectricalBuses/Rack42Busbar/Mains/DC"
            }
        ]
    },
    "Actions": {
        "#Circuit.BreakerControl": {
            "target": "/redfish/v1/PowerEquipment/PowerShelves/1/Branches/DC/Circuit.BreakerControl"
        },
        "#Circuit.ResetMetrics": {
            "target": "/redfish/v1/PowerEquipment/PowerShelves/1/Branches/DC/Circuit.ResetMetrics"
        }
    },
    "@odata.id": "/redfish/v1/PowerEquipment/PowerShelves/1/Branches/DC",
    "@Redfish.Copyright": "Copyright 2014-2023 DMTF. For the full DMTF copyright policy, see http://www.dmtf.org/about/policies/copyright."
}