{
    "@odata.type": "#Circuit.v1_8_0.Circuit",
    "Id": "DC",
    "Name": "Busbar DC Input",
    "Status": {
        "Health": "OK"
    },
    "CircuitType": "Mains",
    "NominalVoltage": "DC48V",
    "Links": {
        "SourceCircuit": {
            "@odata.id": "/redfish/v1/PowerEquipment/PowerShelves/1/Branches/DC"
        }
    },
    "@odata.id": "/redfish/v1/PowerEquipment/ElectricalBuses/Rack42Busbar/Mains/DC",
    "@Redfish.Copyright": "Copyright 2014-2023 DMTF. For the full DMTF copyright policy, see http://www.dmtf.org/about/policies/copyright."
}