{
    "@odata.type": "#Sensor.v1_9_0.Sensor",
    "Id": "TotalPower",
    "Name": "Power reading for the Chassis",
    "ReadingType": "Power",
    "ElectricalContext": "Total",
    "Status": {
        "State": "Enabled",
        "Health": "OK"
    },
    "Reading": 374,
    "ReadingUnits": "W",
    "Implementation": "Synthesized",
    "ReadingTime": "2019-08-13T04:14:33+06:00",
    "ReadingRangeMin": 0,
    "ReadingRangeMax": 600,
    "ApparentVA": 2749.2,
    "ReactiveVAR": 281.4,
    "PowerFactor": 0.99,
    "Accuracy": 0.2,
    "Precision": 1,
    "SensingInterval": "PT0.25S",
    "PhysicalContext": "Chassis",
    "Thresholds": {
        "UpperCritical": {
            "Reading": 600,
            "Activation": "Increasing",
            "DwellTime": "PT1M"
        },
        "UpperCaution": {
            "Reading": 580,
            "DwellTime": "PT10M"
        }
    },
    "@odata.id": "/redfish/v1/Chassis/1U/Sensors/TotalPower",
    "@Redfish.Copyright": "Copyright 2014-2023 DMTF. For the full DMTF copyright policy, see http://www.dmtf.org/about/policies/copyright."
}