<?xml version="1.0" encoding="UTF-8"?>
<!---->
<!--################################################################################       -->
<!--# Contoso Schema:  ContosoTurboencabulatorService v1.0.0                               -->
<!--#                                                                                      -->
<!--# Copyright 2014-2021 DMTF.                                                            -->
<!--# For the full DMTF copyright policy, see http://www.dmtf.org/about/policies/copyright -->
<!--################################################################################       -->
<!---->
<edmx:Edmx xmlns:edmx="http://docs.oasis-open.org/odata/ns/edmx" Version="4.0">

  <edmx:Reference Uri="http://docs.oasis-open.org/odata/odata/v4.0/errata03/csd01/complete/vocabularies/Org.OData.Core.V1.xml">
    <edmx:Include Namespace="Org.OData.Core.V1" Alias="OData"/>
  </edmx:Reference>
  <edmx:Reference Uri="http://docs.oasis-open.org/odata/odata/v4.0/errata03/csd01/complete/vocabularies/Org.OData.Capabilities.V1.xml">
    <edmx:Include Namespace="Org.OData.Capabilities.V1" Alias="Capabilities"/>
  </edmx:Reference>
  <edmx:Reference Uri="http://redfish.dmtf.org/schemas/v1/RedfishExtensions_v1.xml">
    <edmx:Include Namespace="RedfishExtensions.v1_0_0" Alias="Redfish"/>
  </edmx:Reference>
  <edmx:Reference Uri="http://redfish.dmtf.org/schemas/v1/Resource_v1.xml">
    <edmx:Include Namespace="Resource"/>
    <edmx:Include Namespace="Resource.v1_0_0"/>
  </edmx:Reference>

  <edmx:DataServices>

    <Schema xmlns="http://docs.oasis-open.org/odata/ns/edm" Namespace="ContosoTurboencabulatorService">
      <Annotation Term="Redfish.OwningEntity" String="Contoso"/>

      <EntityType Name="ContosoTurboencabulatorService" BaseType="Resource.v1_0_0.Resource" Abstract="true">
        <Annotation Term="OData.Description" String="This is the schema definition for the turboencabulator service."/>
        <Annotation Term="OData.LongDescription" String="This resource shall be used to represent the turboencabulator service properties for a Contoso Redfish implementation."/>
        <Annotation Term="OData.AdditionalProperties" Bool="false"/>
        <Annotation Term="Capabilities.InsertRestrictions">
          <Record>
            <PropertyValue Property="Insertable" Bool="false"/>
          </Record>
        </Annotation>
        <Annotation Term="Capabilities.UpdateRestrictions">
          <Record>
            <PropertyValue Property="Updatable" Bool="true"/>
          </Record>
        </Annotation>
        <Annotation Term="Capabilities.DeleteRestrictions">
          <Record>
            <PropertyValue Property="Deletable" Bool="false"/>
          </Record>
        </Annotation>
        <Annotation Term="Redfish.Uris">
          <Collection>
            <String>/redfish/v1/Oem/Contoso/TurboencabulatorService</String>
          </Collection>
        </Annotation>
      </EntityType>
    </Schema>

    <Schema xmlns="http://docs.oasis-open.org/odata/ns/edm" Namespace="ContosoTurboencabulatorService.v1_0_0">
      <Annotation Term="Redfish.OwningEntity" String="Contoso"/>

      <EntityType Name="ContosoTurboencabulatorService" BaseType="ContosoTurboencabulatorService.ContosoTurboencabulatorService">
        <Property Name="Status" Type="Resource.Status" Nullable="false"/>
        <Property Name="ServiceEnabled" Type="Edm.Boolean">
          <Annotation Term="OData.Permissions" EnumMember="OData.Permission/ReadWrite"/>
          <Annotation Term="OData.Description" String="This indicates whether this service is enabled."/>
          <Annotation Term="OData.LongDescription" String="The value of this property shall be a boolean indicating whether this service is enabled."/>
        </Property>
        <Property Name="TurboencabulatorMode" Type="ContosoTurboencabulatorService.v1_0_0.TurboencabulatorMode">
          <Annotation Term="OData.Permissions" EnumMember="OData.Permission/ReadWrite"/>
          <Annotation Term="OData.Description" String="The mode of operation of the turboencabulator."/>
          <Annotation Term="OData.LongDescription" String="The value of this property shall be an enumerated value representing the mode."/>
        </Property>
        <Property Name="IsCheap" Type="Edm.Boolean">
          <Annotation Term="OData.Permissions" EnumMember="OData.Permission/Read"/>
          <Annotation Term="OData.Description" String="This indicates whether the turboencabulator is cheap."/>
          <Annotation Term="OData.LongDescription" String="The value of this property shall be a boolean indicating whether the turboencabulator is cheap."/>
        </Property>
        <Property Name="WillGovernmentBuy" Type="Edm.Boolean">
          <Annotation Term="OData.Permissions" EnumMember="OData.Permission/Read"/>
          <Annotation Term="OData.Description" String="This indicates whether the turboencabulator will be bought by the government."/>
          <Annotation Term="OData.LongDescription" String="The value of this property shall be a boolean indicating whether the turboencabulator will be bought by the government."/>
        </Property>
      </EntityType>

      <EnumType Name="TurboencabulatorMode">
        <Member Name="Turbo">
          <Annotation Term="OData.Description" String="The turboencabulator is in turbo (standard) mode."/>
        </Member>
        <Member Name="Retro">
          <Annotation Term="OData.Description" String="The turboencabulator is in retro mode."/>
        </Member>
        <Member Name="Micro">
          <Annotation Term="OData.Description" String="The turboencabulator is in micro mode."/>
        </Member>
      </EnumType>
    </Schema>

  </edmx:DataServices>
</edmx:Edmx>
