{
    "$id": "http://redfish.dmtf.org/schemas/v1/ContosoAccountService.json",
    "$schema": "http://redfish.dmtf.org/schemas/v1/redfish-schema-v1.json",
    "copyright": "Copyright 2014-2021 DMTF. For the full DMTF copyright policy, see http://www.dmtf.org/about/policies/copyright",
    "definitions": {
        "AutoConfig": {
            "anyOf": [
                {
                    "$ref": "http://redfish.dmtf.org/schemas/v1/ContosoAccountService.v1_0_1.json#/definitions/AutoConfig"
                }
            ],
            "description": "This action is used to perform automated configuration of the account service.",
            "longDescription": "This action shall perform automated configuration of the account service as specified by the Contoso service manual."
        }
    },
    "owningEntity": "Contoso",
    "title": "#ContosoAccountService"
}