{
    "$id": "http://redfish.dmtf.org/schemas/v1/ContosoServiceRoot.v1_0_0.json",
    "$schema": "http://redfish.dmtf.org/schemas/v1/redfish-schema-v1.json",
    "copyright": "Copyright 2014-2021 DMTF. For the full DMTF copyright policy, see http://www.dmtf.org/about/policies/copyright",
    "definitions": {
        "ServiceRoot": {
            "additionalProperties": false,
            "patternProperties": {
                "^([a-zA-Z_][a-zA-Z0-9_]*)?@(odata|Redfish|Message)\\.[a-zA-Z_][a-zA-Z0-9_]*$": {
                    "description": "This property shall specify a valid odata or Redfish property.",
                    "type": [
                        "array",
                        "boolean",
                        "integer",
                        "number",
                        "null",
                        "object",
                        "string"
                    ]
                }
            },
            "properties": {
                "TurboencabulatorService": {
                    "$ref": "http://Contoso.com/schemas/TurboencabulatorService.json#/definitions/TurboencabulatorService",
                    "description": "Link to the turboencabulator service.",
                    "longDescription": "This property shall contain the link to a resource of type TurboencabulatorService.",
                    "readonly": true
                }
            },
            "type": "object"
        }
    },
    "owningEntity": "Contoso",
    "title": "#ContosoServiceRoot.v1_0_0"
}