{
    "$id": "http://redfish.dmtf.org/schemas/v1/ContosoTurboencabulatorService.json",
    "$ref": "#/definitions/ContosoTurboencabulatorService",
    "$schema": "http://redfish.dmtf.org/schemas/v1/redfish-schema-v1.json",
    "copyright": "Copyright 2014-2021 DMTF. For the full DMTF copyright policy, see http://www.dmtf.org/about/policies/copyright",
    "definitions": {
        "ContosoTurboencabulatorService": {
            "anyOf": [
                {
                    "$ref": "http://redfish.dmtf.org/schemas/v1/odata-v4.json#/definitions/idRef"
                },
                {
                    "$ref": "http://redfish.dmtf.org/schemas/v1/ContosoTurboencabulatorService.v1_0_0.json#/definitions/ContosoTurboencabulatorService"
                }
            ],
            "deletable": false,
            "description": "This is the schema definition for the turboencabulator service.",
            "insertable": false,
            "longDescription": "This resource shall be used to represent the turboencabulator service properties for a Contoso Redfish implementation.",
            "updatable": true,
            "uris": [
                "/redfish/v1/Oem/Contoso/TurboencabulatorService"
            ]
        }
    },
    "owningEntity": "Contoso",
    "title": "#ContosoTurboencabulatorService.ContosoTurboencabulatorService"
}