{
    "$id": "http://redfish.dmtf.org/schemas/v1/ContosoAccountService.v1_0_1.json",
    "$schema": "http://redfish.dmtf.org/schemas/v1/redfish-schema-v1.json",
    "copyright": "Copyright 2014-2021 DMTF. For the full DMTF copyright policy, see http://www.dmtf.org/about/policies/copyright",
    "definitions": {
        "AutoConfig": {
            "additionalProperties": false,
            "description": "This action is used to perform automated configuration of the account service.",
            "longDescription": "This action shall perform automated configuration of the account service as specified by the Contoso service manual.",
            "patternProperties": {
                "^([a-zA-Z_][a-zA-Z0-9_]*)?@(odata|Redfish|Message)\\.[a-zA-Z_][a-zA-Z0-9_]*$": {
                    "description": "This property shall specify a valid odata or Redfish property.",
                    "type": [
                        "array",
                        "boolean",
                        "integer",
                        "number",
                        "null",
                        "object",
                        "string"
                    ]
                }
            },
            "properties": {
                "target": {
                    "description": "Link to invoke action",
                    "format": "uri-reference",
                    "type": "string"
                },
                "title": {
                    "description": "Friendly action name",
                    "type": "string"
                }
            },
            "type": "object"
        }
    },
    "owningEntity": "Contoso",
    "title": "#ContosoAccountService.v1_0_1"
}