{
    "@odata.type": "#Chassis.v1_25_1.Chassis",
    "Id": "1",
    "Name": "NVMe-oF Chassis",
    "ChassisType": "StorageEnclosure",
    "Manufacturer": "Contoso",
    "Model": "NV4000",
    "SerialNumber": "546XR2742R7",
    "PartNumber": "NV4000-RX",
    "PowerState": "On",
    "IndicatorLED": "Lit",
    "Status": {
        "State": "Enabled",
        "Health": "OK"
    },
    "Thermal": {
        "@odata.id": "/redfish/v1/Chassis/1/Thermal"
    },
    "Power": {
        "@odata.id": "/redfish/v1/Chassis/1/Power"
    },
    "Drives": {
        "@odata.id": "/redfish/v1/Chassis/1/Drives"
    },
    "NetworkAdapters": {
        "@odata.id": "/redfish/v1/Chassis/1/NetworkAdapters"
    },
    "Links": {
        "ComputerSystems": [
            {
                "@odata.id": "/redfish/v1/Systems/NVMeoF-SoC"
            }
        ],
        "ManagedBy": [
            {
                "@odata.id": "/redfish/v1/Managers/BMC"
            }
        ],
        "ManagersInChassis": [
            {
                "@odata.id": "/redfish/v1/Managers/BMC"
            }
        ]
    },
    "@odata.id": "/redfish/v1/Chassis/1",
    "@Redfish.Copyright": "Copyright 2014-2023 DMTF. For the full DMTF copyright policy, see http://www.dmtf.org/about/policies/copyright."
}