{
    "@odata.type": "#PowerDomain.v1_2_2.PowerDomain",
    "Id": "Row1",
    "Name": "Row #1 Domain",
    "Status": {
        "State": "Enabled",
        "Health": "OK"
    },
    "Links": {
        "ManagedBy": [
            {
                "@odata.id": "/redfish/v1/Managers/BMC"
            }
        ],
        "PowerShelves": [
            {
                "@odata.id": "/redfish/v1/PowerEquipment/PowerShelves/1"
            }
        ]
    },
    "@odata.id": "/redfish/v1/Facilities/Room237/PowerDomains/Row1",
    "@Redfish.Copyright": "Copyright 2014-2023 DMTF. For the full DMTF copyright policy, see http://www.dmtf.org/about/policies/copyright."
}