{
    "@odata.type": "#Circuit.v1_8_0.Circuit",
    "Id": "A",
    "Name": "AC Outlet Circuit A",
    "Status": {
        "State": "Enabled",
        "Health": "OK"
    },
    "CircuitType": "Branch",
    "PhaseWiringType": "OnePhase3Wire",
    "NominalVoltage": "AC120V",
    "RatedCurrentAmps": 15,
    "BreakerState": "Normal",
    "Voltage": {
        "DataSourceUri": "/redfish/v1/Chassis/PowerShelf/Sensors/VoltageA",
        "Reading": 121.4
    },
    "CurrentAmps": {
        "DataSourceUri": "/redfish/v1/Chassis/PowerShelf/Sensors/CurrentA",
        "Reading": 1.59
    },
    "PowerWatts": {
        "DataSourceUri": "/redfish/v1/Chassis/PowerShelf/Sensors/PowerA",
        "Reading": 192.4
    },
    "Links": {
        "Outlets": [
            {
                "@odata.id": "/redfish/v1/PowerEquipment/PowerShelves/1/Outlets/A1"
            }
        ]
    },
    "Actions": {
        "#Circuit.BreakerControl": {
            "target": "/redfish/v1/PowerEquipment/PowerShelves/1/Branches/A/Circuit.BreakerControl"
        },
        "#Circuit.ResetMetrics": {
            "target": "/redfish/v1/PowerEquipment/PowerShelves/1/Branches/A/Circuit.ResetMetrics"
        }
    },
    "@odata.id": "/redfish/v1/PowerEquipment/PowerShelves/1/Branches/A",
    "@Redfish.Copyright": "Copyright 2014-2023 DMTF. For the full DMTF copyright policy, see http://www.dmtf.org/about/policies/copyright."
}