{
    "@odata.type": "#CoolingUnit.v1_1_2.CoolingUnit",
    "Id": "1",
    "EquipmentType": "CDU",
    "Name": "Rack #4 Cooling Distribution Unit",
    "FirmwareVersion": "3.2.0",
    "Version": "1.03b",
    "ProductionDate": "2020-12-24T08:00:00Z",
    "Manufacturer": "Contoso",
    "Model": "BRRR4000",
    "SerialNumber": "29347ZT536",
    "PartNumber": "ICE-9",
    "AssetTag": "PDX5-92381",
    "Status": {
        "State": "Enabled",
        "Health": "OK"
    },
    "Coolant": {
        "CoolantType": "Water",
        "AdditiveName": "Glycol",
        "AdditivePercent": 20,
        "SpecificHeatkJoulesPerKgK": 3.974,
        "DensityKgPerCubicMeter": 1030
    },
    "Location": {
        "Placement": {
            "Row": "North 1"
        }
    },
    "PrimaryCoolantConnectors": {
        "@odata.id": "/redfish/v1/ThermalEquipment/CDUs/1/PrimaryCoolantConnectors"
    },
    "SecondaryCoolantConnectors": {
        "@odata.id": "/redfish/v1/ThermalEquipment/CDUs/1/SecondaryCoolantConnectors"
    },
    "Pumps": {
        "@odata.id": "/redfish/v1/ThermalEquipment/CDUs/1/Pumps"
    },
    "Filters": {
        "@odata.id": "/redfish/v1/ThermalEquipment/CDUs/1/Filters"
    },
    "EnvironmentMetrics": {
        "@odata.id": "/redfish/v1/ThermalEquipment/CDUs/1/EnvironmentMetrics"
    },
    "LeakDetection": {
        "@odata.id": "/redfish/v1/ThermalEquipment/CDUs/1/LeakDetection"
    },
    "Links": {
        "Chassis": [
            {
                "@odata.id": "/redfish/v1/Chassis/CDU"
            }
        ]
    },
    "@odata.id": "/redfish/v1/ThermalEquipment/CDUs/1",
    "@Redfish.Copyright": "Copyright 2014-2023 DMTF. For the full DMTF copyright policy, see http://www.dmtf.org/about/policies/copyright."
}