{
    "@odata.type": "#Manager.v1_19_1.Manager",
    "Id": "CDU",
    "Name": "CDU Network Interface Module",
    "ManagerType": "ManagementController",
    "ServiceEntryPointUUID": "92384634-2938-2342-8820-489239905423",
    "UUID": "58893887-8974-2487-2389-841168418919",
    "Model": "Joo Janta 200",
    "DateTime": "2015-03-13T04:14:33+06:00",
    "DateTimeLocalOffset": "+06:00",
    "Status": {
        "State": "Enabled",
        "Health": "OK"
    },
    "PowerState": "On",
    "SerialConsole": {
        "ServiceEnabled": true,
        "MaxConcurrentSessions": 1,
        "ConnectTypesSupported": [
            "Telnet",
            "SSH"
        ]
    },
    "FirmwareVersion": "1.20b",
    "NetworkProtocol": {
        "@odata.id": "/redfish/v1/Managers/CDU/NetworkProtocol"
    },
    "EthernetInterfaces": {
        "@odata.id": "/redfish/v1/Managers/CDU/EthernetInterfaces"
    },
    "SerialInterfaces": {
        "@odata.id": "/redfish/v1/Managers/CDU/SerialInterfaces"
    },
    "LogServices": {
        "@odata.id": "/redfish/v1/Managers/CDU/LogServices"
    },
    "Actions": {
        "#Manager.Reset": {
            "target": "/redfish/v1/Managers/CDU/Actions/Manager.Reset",
            "ResetType@Redfish.AllowableValues": [
                "ForceRestart",
                "GracefulRestart"
            ]
        }
    },
    "@odata.id": "/redfish/v1/Managers/CDU",
    "@Redfish.Copyright": "Copyright 2014-2023 DMTF. For the full DMTF copyright policy, see http://www.dmtf.org/about/policies/copyright."
}