{
    "@odata.type": "#Zone.v1_6_3.Zone",
    "Id": "1",
    "Name": "SAS Zone 1",
    "Description": "SAS Zone 1",
    "Status": {
        "State": "Enabled",
        "Health": "OK"
    },
    "Links": {
        "Endpoints": [
            {
                "@odata.id": "/redfish/v1/Fabrics/SAS/Endpoints/Initiator1"
            },
            {
                "@odata.id": "/redfish/v1/Fabrics/SAS/Endpoints/Initiator2"
            },
            {
                "@odata.id": "/redfish/v1/Fabrics/SAS/Endpoints/Drive1"
            },
            {
                "@odata.id": "/redfish/v1/Fabrics/SAS/Endpoints/Drive3"
            }
        ]
    },
    "@odata.id": "/redfish/v1/Fabrics/SAS/Zones/1",
    "@Redfish.Copyright": "Copyright 2014-2023 DMTF. For the full DMTF copyright policy, see http://www.dmtf.org/about/policies/copyright."
}