{
    "@odata.type": "#CoolantConnector.v1_0_2.CoolantConnector",
    "Id": "1",
    "Name": "Cooling connection to rack equipment",
    "Status": {
        "State": "Enabled",
        "Health": "OK"
    },
    "CoolantConnectorType": "Pair",
    "Coolant": {
        "CoolantType": "Water",
        "AdditiveName": "Generic cooling water biocide",
        "AdditivePercent": 0
    },
    "RatedFlowLitersPerMinute": 50,
    "FlowLitersPerMinute": {
        "Reading": 42,
        "DataSourceUri": "/redfish/v1/Chassis/CDU/Sensors/SecondaryFlow"
    },
    "SupplyTemperatureCelsius": {
        "Reading": 30,
        "DataSourceUri": "/redfish/v1/Chassis/CDU/Sensors/SecondarySupplyTemp"
    },
    "ReturnTemperatureCelsius": {
        "Reading": 48,
        "DataSourceUri": "/redfish/v1/Chassis/CDU/Sensors/SecondaryReturnTemp"
    },
    "DeltaTemperatureCelsius": {
        "Reading": 18,
        "DataSourceUri": "/redfish/v1/Chassis/CDU/Sensors/SecondaryDeltaTemp"
    },
    "SupplyPressurekPa": {
        "Reading": 103,
        "DataSourceUri": "/redfish/v1/Chassis/CDU/Sensors/SecondarySupplyPressure"
    },
    "ReturnPressurekPa": {
        "Reading": 137,
        "DataSourceUri": "/redfish/v1/Chassis/CDU/Sensors/SecondaryReturnPressure"
    },
    "DeltaPressurekPa": {
        "Reading": 34,
        "DataSourceUri": "/redfish/v1/Chassis/CDU/Sensors/SecondaryDeltaPressure"
    },
    "HeatRemovedkW": {
        "Reading": 25.31,
        "DataSourceUri": "/redfish/v1/Chassis/CDU/Sensors/SecondaryHeatLoad"
    },
    "@odata.id": "/redfish/v1/ThermalEquipment/CDUs/1/SecondaryCoolantConnectors/1",
    "@Redfish.Copyright": "Copyright 2014-2023 DMTF. For the full DMTF copyright policy, see http://www.dmtf.org/about/policies/copyright."
}