{
    "@odata.type": "#PowerSupply.v1_6_0.PowerSupply",
    "Id": "Bay4",
    "Name": "Power Supply Bay 4",
    "Status": {
        "State": "Absent"
    },
    "PowerSupplyType": "AC",
    "HotPluggable": true,
    "Location": {
        "PartLocation": {
            "ServiceLabel": "PSU 4",
            "LocationType": "Bay",
            "LocationOrdinalValue": 3
        }
    },
    "@odata.id": "/redfish/v1/Chassis/PowerShelf/PowerSubsystem/PowerSupplies/Bay4",
    "@Redfish.Copyright": "Copyright 2014-2023 DMTF. For the full DMTF copyright policy, see http://www.dmtf.org/about/policies/copyright."
}