{
    "@odata.type": "#Sensor.v1_9_0.Sensor",
    "Id": "EnergyDC",
    "Name": "Energy for DC output",
    "ReadingType": "EnergykWh",
    "ElectricalContext": "Total",
    "Status": {
        "State": "Enabled",
        "Health": "OK"
    },
    "Reading": 7855,
    "ReadingUnits": "kW.h",
    "PhysicalContext": "Chassis",
    "@odata.id": "/redfish/v1/Chassis/PowerShelf/Sensors/EnergyDC",
    "@Redfish.Copyright": "Copyright 2014-2023 DMTF. For the full DMTF copyright policy, see http://www.dmtf.org/about/policies/copyright."
}