{
    "@odata.context": "/redfish/v1/$metadata",
    "value": [
        {
            "name": "Service",
            "kind": "Singleton",
            "url": "/redfish/v1/"
        },
        {
            "name": "AccountService",
            "kind": "Singleton",
            "url": "/redfish/v1/AccountService"
        },
        {
            "name": "SessionService",
            "kind": "Singleton",
            "url": "/redfish/v1/SessionService"
        },
        {
            "name": "Sessions",
            "kind": "Singleton",
            "url": "/redfish/v1/SessionService/Sessions"
        },
        {
            "name": "TurboencabulatorService",
            "kind": "Singleton",
            "url": "/redfish/v1/TurboencabulatorService"
        }
    ],
    "@Redfish.Copyright": "Copyright 2014-2023 DMTF. For the full DMTF copyright policy, see http://www.dmtf.org/about/policies/copyright."
}