{
    "@odata.type": "#Port.v1_12_0.Port",
    "CurrentSpeedGbps": 32,
    "Description": "32Gbps Fibre Channel Port",
    "Id": "SCFCP1",
    "Enabled": true,
    "MaxSpeedGbps": 32,
    "Name": "32Gbps Fibre Channel Port",
    "PortId": "1",
    "PortProtocol": "FC",
    "PortType": "BidirectionalPort",
    "Width": 1,
    "ActiveWidth": 1,
    "InterfaceEnabled": true,
    "LinkNetworkTechnology": "FibreChannel",
    "LinkState": "Enabled",
    "LinkStatus": "LinkDown",
    "LinkTransitionIndicator": 0,
    "Metrics": {
        "@odata.id": "/redfish/v1/Chassis/1U/NetworkAdapters/Slot2/Ports/SCFCP1/Metrics"
    },
    "PortMedium": "Electrical",
    "SignalDetected": true,
    "FibreChannel": {
        "FabricName": "ContosoFabric",
        "NumberDiscoveredRemotePorts": 0,
        "PortConnectionType": "ExtenderFabric"
    },
    "LinkConfiguration": [
        {
            "AutoSpeedNegotiationCapable": true,
            "AutoSpeedNegotiationEnabled": true,
            "ConfiguredNetworkLinks": []
        }
    ],
    "LocationIndicatorActive": true,
    "MaxFrameSize": 2048,
    "Actions": {
        "#Port.Reset": {
            "target": "/redfish/v1/Chassis/1U/NetworkAdapters/Slot2/Ports/SCFCP1/Actions/Port.Reset",
            "ResetType@Redfish.AllowableValues": [
                "ForceRestart"
            ]
        }
    },
    "@odata.id": "/redfish/v1/Chassis/1U/NetworkAdapters/Slot2/Ports/SCFCP1",
    "@Redfish.Copyright": "Copyright 2014-2023 DMTF. For the full DMTF copyright policy, see http://www.dmtf.org/about/policies/copyright."
}