{
    "@odata.type": "#LogEntry.v1_16_1.LogEntry",
    "Id": "1",
    "Name": "Log Entry 1",
    "EntryType": "Event",
    "Severity": "OK",
    "Created": "2012-03-07T14:44:00Z",
    "SensorNumber": 1,
    "Message": "Log Cleared",
    "MessageId": "Event.1.0.LogClear",
    "MessageArgs": [],
    "@odata.id": "/redfish/v1/Managers/Switch1/LogServices/Log/Entries/1",
    "@Redfish.Copyright": "Copyright 2014-2023 DMTF. For the full DMTF copyright policy, see http://www.dmtf.org/about/policies/copyright."
}