{
    "@odata.type": "#EnvironmentMetrics.v1_3_2.EnvironmentMetrics",
    "Name": "Rack CDU Environment Metrics",
    "TemperatureCelsius": {
        "Reading": 24,
        "DataSourceUri": "/redfish/v1/Chassis/CDU/Sensors/SystemTemperature"
    },
    "HumidityPercent": {
        "Reading": 26,
        "DataSourceUri": "/redfish/v1/Chassis/CDU/Sensors/SystemRelativeHumidity"
    },
    "@odata.id": "/redfish/v1/Chassis/CDU/EnvironmentMetrics",
    "@Redfish.Copyright": "Copyright 2014-2023 DMTF. For the full DMTF copyright policy, see http://www.dmtf.org/about/policies/copyright."
}