{
    "@odata.type": "#Outlet.v1_4_3.Outlet",
    "Id": "A2",
    "Name": "Outlet A2",
    "VoltageType": "AC",
    "OutletType": "BusConnection",
    "RatedCurrentAmps": 40,
    "NominalVoltage": "AC240V",
    "Links": {
        "BranchCircuit": {
            "@odata.id": "/redfish/v1/PowerEquipment/ElectricalBuses/Busway/Mains/AC"
        },
        "PowerSupplies": [
            {
                "@odata.id": "https://192.168.1.22/redfish/v1/Chassis/1/PowerSubsystem/PowerSupplies/Bay2"
            }
        ]
    },
    "@odata.id": "/redfish/v1/PowerEquipment/ElectricalBuses/Busway/Outlets/A2",
    "@Redfish.Copyright": "Copyright 2014-2023 DMTF. For the full DMTF copyright policy, see http://www.dmtf.org/about/policies/copyright."
}