{
    "@odata.type": "#PowerDistribution.v1_4_0.PowerDistribution",
    "Id": "1",
    "EquipmentType": "PowerShelf",
    "Name": "PowerShelf1",
    "FirmwareVersion": "1.2.1",
    "Version": "1.01a",
    "ProductionDate": "2021-01-11T08:00:00Z",
    "Manufacturer": "Contoso",
    "Model": "ZAP33000",
    "SerialNumber": "29347ZT536",
    "PartNumber": "AA-23",
    "UUID": "32354641-4135-4332-4a35-313735303734",
    "AssetTag": "PDX-92381",
    "Status": {
        "State": "Enabled",
        "Health": "OK",
        "Conditions": []
    },
    "Location": {
        "Placement": {
            "Row": "North 1",
            "Rack": "42"
        }
    },
    "MainsRedundancy": {
        "RedundancyType": "Sharing",
        "MaxSupportedInGroup": 2,
        "MinNeededInGroup": 1,
        "RedundancyGroup": [
            {
                "@odata.id": "/redfish/v1/PowerEquipment/PowerShelves/1/Mains/AC1"
            },
            {
                "@odata.id": "/redfish/v1/PowerEquipment/PowerShelves/1/Mains/AC2"
            }
        ],
        "Status": {
            "State": "Enabled",
            "Health": "OK"
        }
    },
    "Mains": {
        "@odata.id": "/redfish/v1/PowerEquipment/PowerShelves/1/Mains"
    },
    "Branches": {
        "@odata.id": "/redfish/v1/PowerEquipment/PowerShelves/1/Branches"
    },
    "Outlets": {
        "@odata.id": "/redfish/v1/PowerEquipment/PowerShelves/1/Outlets"
    },
    "Metrics": {
        "@odata.id": "/redfish/v1/PowerEquipment/PowerShelves/1/Metrics"
    },
    "Links": {
        "Facility": {
            "@odata.id": "/redfish/v1/Facilities/Room237"
        },
        "Chassis": [
            {
                "@odata.id": "/redfish/v1/Chassis/PowerShelf"
            }
        ]
    },
    "@odata.id": "/redfish/v1/PowerEquipment/PowerShelves/1",
    "@Redfish.Copyright": "Copyright 2014-2023 DMTF. For the full DMTF copyright policy, see http://www.dmtf.org/about/policies/copyright."
}