{
    "@odata.type": "#EthernetInterfaceCollection.EthernetInterfaceCollection",
    "Name": "Ethernet Network Interface Collection",
    "Description": "Collection of EthernetInterfaces for this Manager",
    "Members@odata.count": 1,
    "Members": [
        {
            "@odata.id": "/redfish/v1/Managers/Switch2/EthernetInterfaces/Dedicated"
        }
    ],
    "@odata.id": "/redfish/v1/Managers/Switch2/EthernetInterfaces",
    "@Redfish.Copyright": "Copyright 2014-2023 DMTF. For the full DMTF copyright policy, see http://www.dmtf.org/about/policies/copyright."
}