{
    "@odata.type": "#Outlet.v1_4_3.Outlet",
    "Id": "A2",
    "Name": "Outlet A2",
    "VoltageType": "DC",
    "OutletType": "BusConnection",
    "RatedCurrentAmps": 20,
    "NominalVoltage": "DC48V",
    "Links": {
        "BranchCircuit": {
            "@odata.id": "/redfish/v1/PowerEquipment/ElectricalBuses/Rack42Busbar/Mains/DC"
        },
        "Chassis": [
            {
                "@odata.id": "https://192.168.1.48/redfish/v1/Chassis/1/"
            }
        ]
    },
    "@odata.id": "/redfish/v1/PowerEquipment/ElectricalBuses/Rack42Busbar/Outlets/A2",
    "@Redfish.Copyright": "Copyright 2014-2023 DMTF. For the full DMTF copyright policy, see http://www.dmtf.org/about/policies/copyright."
}