{
    "@odata.type": "#Chassis.v1_25_1.Chassis",
    "Id": "CDU",
    "Name": "Example Chassis for a CDU",
    "ChassisType": "RackMount",
    "Manufacturer": "Contoso",
    "Model": "SuperChill 22",
    "SerialNumber": "8234803",
    "PartNumber": "BRRR22",
    "UUID": "32354641-7292-9025-9be2-313735303999",
    "AssetTag": "TLL2334",
    "Status": {
        "State": "Enabled",
        "Health": "OK"
    },
    "Location": {
        "Placement": {
            "Row": "North 2",
            "Rack": "4"
        }
    },
    "EnvironmentMetrics": {
        "@odata.id": "/redfish/v1/Chassis/CDU/EnvironmentMetrics"
    },
    "Sensors": {
        "@odata.id": "/redfish/v1/Chassis/CDU/Sensors"
    },
    "Links": {
        "ManagedBy": [
            {
                "@odata.id": "/redfish/v1/Managers/CDU"
            }
        ],
        "ManagersInChassis": [
            {
                "@odata.id": "/redfish/v1/Managers/CDU"
            }
        ]
    },
    "@odata.id": "/redfish/v1/Chassis/CDU",
    "@Redfish.Copyright": "Copyright 2014-2023 DMTF. For the full DMTF copyright policy, see http://www.dmtf.org/about/policies/copyright."
}