{
    "@odata.type": "#Sensor.v1_9_0.Sensor",
    "Id": "CurrentDC",
    "Name": "DC Output Current",
    "ReadingType": "Current",
    "ElectricalContext": "Total",
    "Status": {
        "State": "Enabled",
        "Health": "OK"
    },
    "Reading": 16.93,
    "ReadingUnits": "A",
    "ReadingRangeMin": 0,
    "ReadingRangeMax": 10,
    "Accuracy": 0.05,
    "Precision": 2,
    "SensingInterval": "PT0.1S",
    "PhysicalContext": "PowerSupply",
    "Thresholds": {
        "UpperCritical": {
            "Reading": 30,
            "Activation": "Increasing",
            "DwellTime": "PT1M"
        },
        "UpperCaution": {
            "Reading": 27,
            "Activation": "Increasing",
            "DwellTime": "PT10M"
        }
    },
    "@odata.id": "/redfish/v1/Chassis/PowerShelf/Sensors/CurrentDC",
    "@Redfish.Copyright": "Copyright 2014-2023 DMTF. For the full DMTF copyright policy, see http://www.dmtf.org/about/policies/copyright."
}