{
    "@odata.type": "#LeakDetector.v1_1_0.LeakDetector",
    "Id": "Moisture",
    "Name": "Moisture Leak Detector",
    "LeakDetectorType": "Moisture",
    "Status": {
        "State": "Enabled",
        "Health": "OK"
    },
    "DetectorState": "OK",
    "Location": {
        "PartLocation": {
            "Reference": "Bottom",
            "ServiceLabel": "Chassis Moisture Detector"
        }
    },
    "PhysicalContext": "Chassis",
    "@odata.id": "/redfish/v1/ThermalEquipment/CDUs/1/LeakDetection/LeakDetectors/Moisture",
    "@Redfish.Copyright": "Copyright 2014-2023 DMTF. For the full DMTF copyright policy, see http://www.dmtf.org/about/policies/copyright."
}