{
    "@odata.type": "#Outlet.v1_4_3.Outlet",
    "Id": "A1",
    "Name": "Outlet A1",
    "VoltageType": "DC",
    "OutletType": "BusConnection",
    "RatedCurrentAmps": 40,
    "NominalVoltage": "DC48V",
    "Links": {
        "BranchCircuit": {
            "@odata.id": "/redfish/v1/PowerEquipment/ElectricalBuses/Rack42Busbar/Mains/DC"
        },
        "PowerSupplies": [
            {
                "@odata.id": "https://192.168.1.44/redfish/v1/Chassis/1/PowerSubsystem/PowerSupplies/Bay1"
            }
        ]
    },
    "@odata.id": "/redfish/v1/PowerEquipment/ElectricalBuses/Rack42Busbar/Outlets/A1",
    "@Redfish.Copyright": "Copyright 2014-2023 DMTF. For the full DMTF copyright policy, see http://www.dmtf.org/about/policies/copyright."
}