{
    "@odata.type": "#LogEntryCollection.LogEntryCollection",
    "Name": "Log Service Collection",
    "Description": "Collection of Logs for this System",
    "Members@odata.count": 1,
    "Members": [
        {
            "@odata.id": "/redfish/v1/Managers/Switch2/LogServices/Log/Entries/1",
            "@odata.type": "#LogEntry.v1_16_1.LogEntry",
            "Id": "1",
            "Name": "Log Entry 1",
            "EntryType": "Event",
            "Severity": "OK",
            "Created": "2012-03-07T14:44:00Z",
            "SensorNumber": 1,
            "Message": "Log Cleared",
            "MessageId": "Event.1.0.LogClear",
            "MessageArgs": []
        }
    ],
    "@odata.id": "/redfish/v1/Managers/Switch2/LogServices/Log/Entries",
    "@Redfish.Copyright": "Copyright 2014-2023 DMTF. For the full DMTF copyright policy, see http://www.dmtf.org/about/policies/copyright."
}