{
    "@odata.type": "#NetworkDeviceFunction.v1_9_2.NetworkDeviceFunction",
    "Id": "SCFCP1F0",
    "BootMode": "FibreChannel",
    "Description": "Network Device Function",
    "DeviceEnabled": true,
    "FibreChannel": {
        "AllowFIPVLANDiscovery": false,
        "PermanentWWNN": "AB:CD:AB:CD:AB:CD:AB:CD",
        "PermanentWWPN": "BC:DE:BC:DE:BC:DE:BC:DE",
        "WWNN": "12:34:12:34:12:34:12:34",
        "WWNSource": "ConfiguredLocally",
        "WWPN": "23:45:23:45:23:45:23:45"
    },
    "MaxVirtualFunctions": 0,
    "Metrics": {
        "@odata.id": "/redfish/v1/Chassis/1U/NetworkAdapters/Slot2/NetworkDeviceFunctions/SCFCP1F0/Metrics"
    },
    "Name": "Network Device Function",
    "NetDevFuncCapabilities": [
        "FibreChannel"
    ],
    "NetDevFuncType": "FibreChannel",
    "VirtualFunctionsEnabled": false,
    "@odata.id": "/redfish/v1/Chassis/1U/NetworkAdapters/Slot2/NetworkDeviceFunctions/SCFCP1F0",
    "@Redfish.Copyright": "Copyright 2014-2023 DMTF. For the full DMTF copyright policy, see http://www.dmtf.org/about/policies/copyright."
}