{
    "@odata.type": "#PowerSupplyCollection.PowerSupplyCollection",
    "Name": "Power Supply Collection",
    "Members@odata.count": 2,
    "Members": [
        {
            "@odata.id": "/redfish/v1/Chassis/1U/PowerSubsystem/PowerSupplies/Bay1"
        },
        {
            "@odata.id": "/redfish/v1/Chassis/1U/PowerSubsystem/PowerSupplies/Bay2"
        }
    ],
    "@odata.id": "/redfish/v1/Chassis/1U/PowerSubsystem/PowerSupplies",
    "@Redfish.Copyright": "Copyright 2014-2023 DMTF. For the full DMTF copyright policy, see http://www.dmtf.org/about/policies/copyright."
}