{
    "@odata.type": "#Sensor.v1_9_0.Sensor",
    "Id": "PS1InputVoltage",
    "Name": "Power Supply #1 Input Voltage",
    "ReadingType": "Voltage",
    "Status": {
        "State": "Enabled",
        "Health": "OK"
    },
    "ElectricalContext": "Total",
    "Reading": 119.27,
    "ReadingUnits": "V",
    "ReadingRangeMin": 0,
    "ReadingRangeMax": 260,
    "Accuracy": 0.02,
    "Precision": 2,
    "SensingInterval": "PT0.125S",
    "PhysicalContext": "PowerSupply",
    "PhysicalSubContext": "Input",
    "Thresholds": {
        "UpperCritical": {
            "Reading": 125,
            "Activation": "Increasing",
            "DwellTime": "PT1M"
        },
        "UpperCaution": {
            "Reading": 122,
            "DwellTime": "PT10M"
        },
        "LowerCaution": {
            "Reading": 118,
            "DwellTime": "PT5M"
        },
        "LowerCritical": {
            "Reading": 115,
            "DwellTime": "PT1M"
        }
    },
    "@odata.id": "/redfish/v1/Chassis/1U/Sensors/PS1InputVoltage",
    "@Redfish.Copyright": "Copyright 2014-2023 DMTF. For the full DMTF copyright policy, see http://www.dmtf.org/about/policies/copyright."
}