{
    "@odata.type": "#Sensor.v1_9_0.Sensor",
    "Id": "PS1_120VOutput",
    "Name": "Power Supply #1 120V Output Voltage",
    "ReadingType": "Voltage",
    "Status": {
        "State": "Enabled",
        "Health": "OK"
    },
    "ElectricalContext": "Total",
    "Reading": 121.08,
    "ReadingUnits": "V",
    "ReadingRangeMin": 0,
    "ReadingRangeMax": 150,
    "Accuracy": 0.02,
    "Precision": 2,
    "SensingInterval": "PT0.125S",
    "PhysicalContext": "PowerSupply",
    "PhysicalSubContext": "Output",
    "Thresholds": {
        "UpperCritical": {
            "Reading": 128.5,
            "Activation": "Increasing",
            "DwellTime": "PT1M"
        },
        "UpperCaution": {
            "Reading": 125.35,
            "DwellTime": "PT10M"
        },
        "LowerCaution": {
            "Reading": 115.85,
            "DwellTime": "PT5M"
        },
        "LowerCritical": {
            "Reading": 112.5,
            "DwellTime": "PT1M"
        }
    },
    "@odata.id": "/redfish/v1/Chassis/PowerShelf/Sensors/PS1_120VOutput",
    "@Redfish.Copyright": "Copyright 2014-2023 DMTF. For the full DMTF copyright policy, see http://www.dmtf.org/about/policies/copyright."
}