{
    "@odata.type": "#CoolantConnectorCollection.CoolantConnectorCollection",
    "Name": "Secondary Cooling Loop Connection Collection",
    "Members@odata.count": 1,
    "Members": [
        {
            "@odata.id": "/redfish/v1/ThermalEquipment/CDUs/1/SecondaryCoolantConnectors/1"
        }
    ],
    "@odata.id": "/redfish/v1/ThermalEquipment/CDUs/1/SecondaryCoolantConnectors",
    "@Redfish.Copyright": "Copyright 2014-2023 DMTF. For the full DMTF copyright policy, see http://www.dmtf.org/about/policies/copyright."
}