{
    "@odata.type": "#VirtualMediaCollection.VirtualMediaCollection",
    "Name": "Virtual Media Services",
    "Description": "Redfish-BMC Virtual Media Service Settings",
    "Members@odata.count": 2,
    "Members": [
        {
            "@odata.id": "/redfish/v1/Managers/BMC/VirtualMedia/Floppy1"
        },
        {
            "@odata.id": "/redfish/v1/Managers/BMC/VirtualMedia/CD1"
        }
    ],
    "@odata.id": "/redfish/v1/Managers/BMC/VirtualMedia",
    "@Redfish.Copyright": "Copyright 2014-2023 DMTF. For the full DMTF copyright policy, see http://www.dmtf.org/about/policies/copyright."
}