{
    "@odata.type": "#EndpointCollection.EndpointCollection",
    "Name": "SAS Endpoint Collection",
    "Members@odata.count": 9,
    "Members": [
        {
            "@odata.id": "/redfish/v1/Fabrics/SAS/Endpoints/Initiator1"
        },
        {
            "@odata.id": "/redfish/v1/Fabrics/SAS/Endpoints/Initiator2"
        },
        {
            "@odata.id": "/redfish/v1/Fabrics/SAS/Endpoints/Enclosure1"
        },
        {
            "@odata.id": "/redfish/v1/Fabrics/SAS/Endpoints/Enclosure2"
        },
        {
            "@odata.id": "/redfish/v1/Fabrics/SAS/Endpoints/Drive1"
        },
        {
            "@odata.id": "/redfish/v1/Fabrics/SAS/Endpoints/Drive2"
        },
        {
            "@odata.id": "/redfish/v1/Fabrics/SAS/Endpoints/Drive3"
        },
        {
            "@odata.id": "/redfish/v1/Fabrics/SAS/Endpoints/Drive4"
        },
        {
            "@odata.id": "/redfish/v1/Fabrics/SAS/Endpoints/TapeDrive"
        }
    ],
    "@odata.id": "/redfish/v1/Fabrics/SAS/Endpoints",
    "@Redfish.Copyright": "Copyright 2014-2023 DMTF. For the full DMTF copyright policy, see http://www.dmtf.org/about/policies/copyright."
}