{
    "@odata.type": "#EthernetInterface.v1_12_1.EthernetInterface",
    "Id": "Dedicated",
    "Name": "Manager Ethernet Interface",
    "Description": "Management Network Interface",
    "Status": {
        "State": "Enabled",
        "Health": "OK"
    },
    "InterfaceEnabled": true,
    "PermanentMACAddress": "23:11:8A:33:CF:EB",
    "MACAddress": "23:11:8A:33:CF:EB",
    "SpeedMbps": 100,
    "AutoNeg": true,
    "FullDuplex": true,
    "MTUSize": 1500,
    "HostName": "switch2-manage",
    "FQDN": "switch2-manage.dmtf.org",
    "MaxIPv6StaticAddresses": 1,
    "VLAN": {
        "VLANEnable": true,
        "VLANId": 101
    },
    "IPv4Addresses": [
        {
            "Address": "192.168.0.11",
            "SubnetMask": "255.255.252.0",
            "AddressOrigin": "DHCP",
            "Gateway": "192.168.0.1"
        }
    ],
    "IPv6AddressPolicyTable": [
        {
            "Prefix": "::1/128",
            "Precedence": 50,
            "Label": 0
        }
    ],
    "IPv6StaticAddresses": [
        {
            "Address": "fe80::1fc1:deff:fe6f:1e24",
            "PrefixLength": 16
        }
    ],
    "IPv6DefaultGateway": "fe80::1fc1:deff:fe6f:1e24",
    "IPv6Addresses": [
        {
            "Address": "fe80::1fc1:deff:fe6f:1e24",
            "PrefixLength": 64,
            "AddressOrigin": "SLAAC",
            "AddressState": "Preferred"
        }
    ],
    "NameServers": [
        "names.dmtf.org"
    ],
    "@odata.id": "/redfish/v1/Managers/Switch2/EthernetInterfaces/Dedicated",
    "@Redfish.Copyright": "Copyright 2014-2023 DMTF. For the full DMTF copyright policy, see http://www.dmtf.org/about/policies/copyright."
}