{
    "@odata.type": "#Sensor.v1_9_0.Sensor",
    "Id": "PrimaryFlow",
    "Name": "Primary Flow",
    "ReadingType": "LiquidFlowLPM",
    "Status": {
        "State": "Enabled",
        "Health": "OK"
    },
    "Reading": 42,
    "ReadingUnits": "L/min",
    "ReadingRangeMin": 0,
    "ReadingRangeMax": 100,
    "ReadingBasis": "Zero",
    "SensingInterval": "PT5S",
    "PhysicalContext": "Chassis",
    "@odata.id": "/redfish/v1/Chassis/CDU/Sensors/PrimaryFlow",
    "@Redfish.Copyright": "Copyright 2014-2023 DMTF. For the full DMTF copyright policy, see http://www.dmtf.org/about/policies/copyright."
}