{
    "@odata.type": "#EnvironmentMetrics.v1_3_2.EnvironmentMetrics",
    "Id": "EnvironmentMetrics",
    "Name": "Processor Environment Metrics",
    "TemperatureCelsius": {
        "DataSourceUri": "/redfish/v1/Chassis/1U/Sensors/CPU1Temp",
        "Reading": 44
    },
    "PowerWatts": {
        "DataSourceUri": "/redfish/v1/Chassis/1U/Sensors/CPU1Power",
        "Reading": 12.87
    },
    "FanSpeedsPercent": [
        {
            "DataSourceUri": "/redfish/v1/Chassis/1U/Sensors/CPUFan1",
            "DeviceName": "CPU #1 Fan Speed",
            "Reading": 80
        }
    ],
    "@odata.id": "/redfish/v1/Systems/437XR1138R2/Processors/CPU1/EnvironmentMetrics",
    "@Redfish.Copyright": "Copyright 2014-2023 DMTF. For the full DMTF copyright policy, see http://www.dmtf.org/about/policies/copyright."
}