{
    "@odata.type": "#Sensor.v1_9_0.Sensor",
    "Id": "SecondaryDeltaPressure",
    "Name": "Secondary Delta Pressure",
    "ReadingType": "PressurekPa",
    "Status": {
        "State": "Enabled",
        "Health": "OK"
    },
    "Reading": 34,
    "ReadingUnits": "kPa",
    "ReadingRangeMin": -300,
    "ReadingRangeMax": 300,
    "ReadingBasis": "Zero",
    "SensingInterval": "PT5S",
    "PhysicalContext": "Chassis",
    "@odata.id": "/redfish/v1/Chassis/CDU/Sensors/SecondaryDeltaPressure",
    "@Redfish.Copyright": "Copyright 2014-2023 DMTF. For the full DMTF copyright policy, see http://www.dmtf.org/about/policies/copyright."
}