{
    "@odata.type": "#NetworkInterface.v1_2_2.NetworkInterface",
    "Id": "1",
    "Name": "Network Device",
    "NetworkPorts": {
        "@odata.id": "/redfish/v1/Systems/NVMeoF-SoC/NetworkInterfaces/1/NetworkPorts"
    },
    "NetworkDeviceFunctions": {
        "@odata.id": "/redfish/v1/Systems/NVMeoF-SoC/NetworkInterfaces/1/NetworkDeviceFunctions"
    },
    "Links": {
        "NetworkAdapter": {
            "@odata.id": "/redfish/v1/Chassis/1/NetworkAdapters/1"
        }
    },
    "@odata.id": "/redfish/v1/Systems/NVMeoF-SoC/NetworkInterfaces/1",
    "@Redfish.Copyright": "Copyright 2014-2023 DMTF. For the full DMTF copyright policy, see http://www.dmtf.org/about/policies/copyright."
}