{
    "@odata.type": "#Sensor.v1_9_0.Sensor",
    "Id": "SystemRelativeHumidity",
    "Name": "CDU Relative Humidity",
    "ReadingType": "Humidity",
    "Status": {
        "State": "Enabled",
        "Health": "OK"
    },
    "Reading": 26,
    "ReadingUnits": "%",
    "ReadingRangeMin": 0,
    "ReadingRangeMax": 100,
    "ReadingBasis": "Zero",
    "SensingInterval": "PT15S",
    "PhysicalContext": "Chassis",
    "Thresholds": {
        "UpperCritical": {
            "Reading": 80,
            "Activation": "Increasing",
            "DwellTime": "PT1M"
        },
        "UpperCaution": {
            "Reading": 70,
            "Activation": "Increasing",
            "DwellTime": "PT1M"
        },
        "LowerCaution": {
            "Reading": 10,
            "Activation": "Decreasing",
            "DwellTime": "PT1M"
        }
    },
    "@odata.id": "/redfish/v1/Chassis/CDU/Sensors/SystemRelativeHumidity",
    "@Redfish.Copyright": "Copyright 2014-2023 DMTF. For the full DMTF copyright policy, see http://www.dmtf.org/about/policies/copyright."
}