{
    "@odata.type": "#ZoneCollection.ZoneCollection",
    "Name": "SAS Zone Collection",
    "Members@odata.count": 3,
    "Members": [
        {
            "@odata.id": "/redfish/v1/Fabrics/SAS/Zones/1"
        },
        {
            "@odata.id": "/redfish/v1/Fabrics/SAS/Zones/2"
        },
        {
            "@odata.id": "/redfish/v1/Fabrics/SAS/Zones/3"
        }
    ],
    "@odata.id": "/redfish/v1/Fabrics/SAS/Zones",
    "@Redfish.Copyright": "Copyright 2014-2023 DMTF. For the full DMTF copyright policy, see http://www.dmtf.org/about/policies/copyright."
}