{
    "@odata.type": "#OutletCollection.OutletCollection",
    "Name": "Outlet Collection",
    "Members@odata.count": 4,
    "Members": [
        {
            "@odata.id": "/redfish/v1/PowerEquipment/ElectricalBuses/Busway/Outlets/A1"
        },
        {
            "@odata.id": "/redfish/v1/PowerEquipment/ElectricalBuses/Busway/Outlets/A2"
        },
        {
            "@odata.id": "/redfish/v1/PowerEquipment/ElectricalBuses/Busway/Outlets/A3"
        },
        {
            "@odata.id": "/redfish/v1/PowerEquipment/ElectricalBuses/Busway/Outlets/A4"
        }
    ],
    "@odata.id": "/redfish/v1/PowerEquipment/ElectricalBuses/Busway/Outlets",
    "@Redfish.Copyright": "Copyright 2014-2023 DMTF. For the full DMTF copyright policy, see http://www.dmtf.org/about/policies/copyright."
}