{
    "@odata.type": "#Sensor.v1_9_0.Sensor",
    "Id": "PS1Energy",
    "Name": "Power Supply #1 Energy",
    "ReadingType": "EnergykWh",
    "ElectricalContext": "Total",
    "Status": {
        "State": "Enabled",
        "Health": "OK"
    },
    "Reading": 7855,
    "ReadingUnits": "kW.h",
    "PhysicalContext": "PowerSupply",
    "Actions": {
        "#Sensor.ResetMetrics": {
            "target": "/redfish/v1/Chassis/PowerShelf/Sensors/PS1Energy/Actions/Sensor.ResetMetrics"
        }
    },
    "@odata.id": "/redfish/v1/Chassis/PowerShelf/Sensors/PS1Energy",
    "@Redfish.Copyright": "Copyright 2014-2023 DMTF. For the full DMTF copyright policy, see http://www.dmtf.org/about/policies/copyright."
}