{
    "@odata.type": "#OutletCollection.OutletCollection",
    "Name": "Outlet Collection",
    "Members@odata.count": 2,
    "Members": [
        {
            "@odata.id": "/redfish/v1/PowerEquipment/PowerShelves/1/Outlets/A1"
        },
        {
            "@odata.id": "/redfish/v1/PowerEquipment/PowerShelves/1/Outlets/B1"
        }
    ],
    "@odata.id": "/redfish/v1/PowerEquipment/PowerShelves/1/Outlets",
    "@Redfish.Copyright": "Copyright 2014-2023 DMTF. For the full DMTF copyright policy, see http://www.dmtf.org/about/policies/copyright."
}