{
    "@odata.type": "#Port.v1_12_0.Port",
    "CurrentSpeedGbps": 25,
    "Ethernet": {
        "FlowControlConfiguration": "TX_RX",
        "FlowControlStatus": "TX_RX",
        "SupportedEthernetCapabilities": [
            "WakeOnLAN"
        ]
    },
    "LinkConfiguration": [
        {
            "AutoSpeedNegotiationCapable": true,
            "AutoSpeedNegotiationEnabled": true,
            "CapableLinkSpeedGbps": [
                25,
                50
            ]
        }
    ],
    "LinkNetworkTechnology": "Ethernet",
    "LinkState": "Enabled",
    "LinkStatus": "LinkUp",
    "MaxFrameSize": 4096,
    "MaxSpeedGbps": 50,
    "PortMedium": "Electrical",
    "PortType": "UpstreamPort",
    "@odata.id": "/redfish/v1/Chassis/1U/NetworkAdapters/Slot1/Ports/SC2KP2",
    "@Redfish.Copyright": "Copyright 2014-2023 DMTF. For the full DMTF copyright policy, see http://www.dmtf.org/about/policies/copyright."
}