{
    "@odata.type": "#Sensor.v1_9_0.Sensor",
    "Id": "PrimaryDeltaPressure",
    "Name": "Primary Delta Pressure",
    "ReadingType": "PressurekPa",
    "Status": {
        "State": "Enabled",
        "Health": "OK"
    },
    "Reading": 138,
    "ReadingUnits": "kPa",
    "ReadingRangeMin": -1500,
    "ReadingRangeMax": 1500,
    "ReadingBasis": "Delta",
    "SensingInterval": "PT5S",
    "PhysicalContext": "Chassis",
    "@odata.id": "/redfish/v1/Chassis/CDU/Sensors/PrimaryDeltaPressure",
    "@Redfish.Copyright": "Copyright 2014-2023 DMTF. For the full DMTF copyright policy, see http://www.dmtf.org/about/policies/copyright."
}