{
    "@odata.type": "#Power.v1_7_3.Power",
    "Id": "Power",
    "Name": "Composable Enclosure Power",
    "PowerSupplies": [
        {
            "@odata.id": "/redfish/v1/Chassis/ComposableEnclosure/Power#/PowerSupplies/0",
            "MemberId": "0",
            "Name": "Power Supply 0",
            "Status": {
                "State": "Enabled",
                "Health": "OK"
            },
            "PowerSupplyType": "AC",
            "LineInputVoltageType": "AC240V",
            "LineInputVoltage": 220,
            "PowerCapacityWatts": 1450,
            "InputRanges": [
                {
                    "InputType": "AC",
                    "MinimumVoltage": 185,
                    "MaximumVoltage": 250,
                    "MinimumFrequencyHz": 47,
                    "MaximumFrequencyHz": 63,
                    "OutputWattage": 1450
                }
            ],
            "LastPowerOutputWatts": 650,
            "Model": "325457-A06",
            "Manufacturer": "Contoso Power",
            "FirmwareVersion": "2.20",
            "SerialNumber": "1S0000523",
            "PartNumber": "425-591-654",
            "SparePartNumber": "425-591-654",
            "Redundancy": [
                {
                    "@odata.id": "/redfish/v1/Chassis/ComposableEnclosure/Power#/Redundancy/0"
                }
            ],
            "RelatedItem": [
                {
                    "@odata.id": "/redfish/v1/Chassis/ComposableEnclosure"
                },
                {
                    "@odata.id": "/redfish/v1/Chassis/ComposableModule1"
                },
                {
                    "@odata.id": "/redfish/v1/Chassis/ComposableModule2"
                },
                {
                    "@odata.id": "/redfish/v1/Chassis/ComposableModule3"
                },
                {
                    "@odata.id": "/redfish/v1/Chassis/ComposableModule4"
                },
                {
                    "@odata.id": "/redfish/v1/Chassis/ComposableModule5"
                },
                {
                    "@odata.id": "/redfish/v1/Chassis/ComposableModule6"
                }
            ]
        },
        {
            "@odata.id": "/redfish/v1/Chassis/ComposableEnclosure/Power#/PowerSupplies/1",
            "MemberId": "1",
            "Name": "Power Supply 1",
            "Status": {
                "State": "Enabled",
                "Health": "OK"
            },
            "PowerSupplyType": "AC",
            "LineInputVoltageType": "AC240V",
            "LineInputVoltage": 222,
            "PowerCapacityWatts": 1450,
            "InputRanges": [
                {
                    "InputType": "AC",
                    "MinimumVoltage": 185,
                    "MaximumVoltage": 250,
                    "MinimumFrequencyHz": 47,
                    "MaximumFrequencyHz": 63,
                    "OutputWattage": 1450
                }
            ],
            "LastPowerOutputWatts": 635,
            "Model": "325457-A06",
            "Manufacturer": "Contoso Power",
            "FirmwareVersion": "2.20",
            "SerialNumber": "1S0000524",
            "PartNumber": "425-591-654",
            "SparePartNumber": "425-591-654",
            "Redundancy": [
                {
                    "@odata.id": "/redfish/v1/Chassis/ComposableEnclosure/Power#/Redundancy/0"
                }
            ],
            "RelatedItem": [
                {
                    "@odata.id": "/redfish/v1/Chassis/ComposableEnclosure"
                },
                {
                    "@odata.id": "/redfish/v1/Chassis/ComposableModule1"
                },
                {
                    "@odata.id": "/redfish/v1/Chassis/ComposableModule2"
                },
                {
                    "@odata.id": "/redfish/v1/Chassis/ComposableModule3"
                },
                {
                    "@odata.id": "/redfish/v1/Chassis/ComposableModule4"
                },
                {
                    "@odata.id": "/redfish/v1/Chassis/ComposableModule5"
                },
                {
                    "@odata.id": "/redfish/v1/Chassis/ComposableModule6"
                }
            ]
        }
    ],
    "Redundancy": [
        {
            "@odata.id": "/redfish/v1/Chassis/ComposableEnclosure/Power#/Redundancy/0",
            "MemberId": "0",
            "Name": "Power Supply Redundancy",
            "RedundancySet": [
                {
                    "@odata.id": "/redfish/v1/Chassis/ComposableEnclosure/Power#/PowerSupplies/0"
                },
                {
                    "@odata.id": "/redfish/v1/Chassis/ComposableEnclosure/Power#/PowerSupplies/1"
                }
            ],
            "Mode": "N+m",
            "Status": {
                "State": "Enabled",
                "Health": "OK"
            },
            "MinNumNeeded": 1,
            "MaxNumSupported": 2
        }
    ],
    "@odata.id": "/redfish/v1/Chassis/ComposableEnclosure/Power",
    "@Redfish.Copyright": "Copyright 2014-2023 DMTF. For the full DMTF copyright policy, see http://www.dmtf.org/about/policies/copyright."
}