{
    "@odata.type": "#StorageControllerCollection.StorageControllerCollection",
    "Name": "Storage Controller Collection",
    "Members@odata.count": 2,
    "Members": [
        {
            "@odata.id": "/redfish/v1/Storage/NVMeoF/Controllers/1"
        },
        {
            "@odata.id": "/redfish/v1/Storage/NVMeoF/Controllers/2"
        }
    ],
    "@odata.id": "/redfish/v1/Storage/NVMeoF/Controllers",
    "@Redfish.Copyright": "Copyright 2014-2023 DMTF. For the full DMTF copyright policy, see http://www.dmtf.org/about/policies/copyright."
}