{
    "@odata.type": "#Sensor.v1_9_0.Sensor",
    "Id": "SecondarySupplyTemp",
    "Name": "Secondary Supply Temperature",
    "ReadingType": "Temperature",
    "Status": {
        "State": "Enabled",
        "Health": "OK"
    },
    "Reading": 30,
    "ReadingUnits": "Cel",
    "ReadingRangeMin": 0,
    "ReadingRangeMax": 100,
    "ReadingBasis": "Zero",
    "SensingInterval": "PT5S",
    "PhysicalContext": "LiquidOutlet",
    "Thresholds": {
        "UpperCaution": {
            "Reading": 60,
            "Activation": "Increasing",
            "DwellTime": "PT1M"
        }
    },
    "@odata.id": "/redfish/v1/Chassis/CDU/Sensors/SecondarySupplyTemp",
    "@Redfish.Copyright": "Copyright 2014-2023 DMTF. For the full DMTF copyright policy, see http://www.dmtf.org/about/policies/copyright."
}