<?xml version="1.0" encoding="UTF-8"?>
<!-- Copyright 2014-2023 DMTF. For the full DMTF copyright policy, see http://www.dmtf.org/about/policies/copyright.-->
<edmx:Edmx xmlns:edmx="http://docs.oasis-open.org/odata/ns/edmx" Version="4.0">

  <edmx:Reference Uri="http://redfish.dmtf.org/schemas/v1/ServiceRoot_v1.xml">
    <edmx:Include Namespace="ServiceRoot"/>
    <edmx:Include Namespace="ServiceRoot.v1_17_0"/>
  </edmx:Reference>

  <edmx:Reference Uri="http://redfish.dmtf.org/schemas/v1/AccountService_v1.xml">
    <edmx:Include Namespace="AccountService"/>
    <edmx:Include Namespace="AccountService.v1_15_1"/>
  </edmx:Reference>
  <edmx:Reference Uri="http://redfish.dmtf.org/schemas/v1/Chassis_v1.xml">
    <edmx:Include Namespace="Chassis"/>
    <edmx:Include Namespace="Chassis.v1_25_1"/>
  </edmx:Reference>
  <edmx:Reference Uri="http://redfish.dmtf.org/schemas/v1/ChassisCollection_v1.xml">
    <edmx:Include Namespace="ChassisCollection"/>
  </edmx:Reference>
  <edmx:Reference Uri="http://redfish.dmtf.org/schemas/v1/CollectionCapabilities_v1.xml">
    <edmx:Include Namespace="CollectionCapabilities.v1_4_1"/>
  </edmx:Reference>
  <edmx:Reference Uri="http://redfish.dmtf.org/schemas/v1/CompositionService_v1.xml">
    <edmx:Include Namespace="CompositionService"/>
    <edmx:Include Namespace="CompositionService.v1_2_3"/>
  </edmx:Reference>
  <edmx:Reference Uri="http://redfish.dmtf.org/schemas/v1/ComputerSystem_v1.xml">
    <edmx:Include Namespace="ComputerSystem"/>
    <edmx:Include Namespace="ComputerSystem.v1_22_1"/>
  </edmx:Reference>
  <edmx:Reference Uri="http://redfish.dmtf.org/schemas/v1/ComputerSystemCollection_v1.xml">
    <edmx:Include Namespace="ComputerSystemCollection"/>
  </edmx:Reference>
  <edmx:Reference Uri="http://redfish.dmtf.org/schemas/v1/Drive_v1.xml">
    <edmx:Include Namespace="Drive"/>
    <edmx:Include Namespace="Drive.v1_19_0"/>
  </edmx:Reference>
  <edmx:Reference Uri="http://redfish.dmtf.org/schemas/v1/EthernetInterface_v1.xml">
    <edmx:Include Namespace="EthernetInterface"/>
    <edmx:Include Namespace="EthernetInterface.v1_12_1"/>
  </edmx:Reference>
  <edmx:Reference Uri="http://redfish.dmtf.org/schemas/v1/EthernetInterfaceCollection_v1.xml">
    <edmx:Include Namespace="EthernetInterfaceCollection"/>
  </edmx:Reference>
  <edmx:Reference Uri="http://redfish.dmtf.org/schemas/v1/LogEntry_v1.xml">
    <edmx:Include Namespace="LogEntry"/>
    <edmx:Include Namespace="LogEntry.v1_16_1"/>
  </edmx:Reference>
  <edmx:Reference Uri="http://redfish.dmtf.org/schemas/v1/LogEntryCollection_v1.xml">
    <edmx:Include Namespace="LogEntryCollection"/>
  </edmx:Reference>
  <edmx:Reference Uri="http://redfish.dmtf.org/schemas/v1/LogService_v1.xml">
    <edmx:Include Namespace="LogService"/>
    <edmx:Include Namespace="LogService.v1_7_0"/>
  </edmx:Reference>
  <edmx:Reference Uri="http://redfish.dmtf.org/schemas/v1/LogServiceCollection_v1.xml">
    <edmx:Include Namespace="LogServiceCollection"/>
  </edmx:Reference>
  <edmx:Reference Uri="http://redfish.dmtf.org/schemas/v1/Manager_v1.xml">
    <edmx:Include Namespace="Manager"/>
    <edmx:Include Namespace="Manager.v1_19_1"/>
  </edmx:Reference>
  <edmx:Reference Uri="http://redfish.dmtf.org/schemas/v1/ManagerCollection_v1.xml">
    <edmx:Include Namespace="ManagerCollection"/>
  </edmx:Reference>
  <edmx:Reference Uri="http://redfish.dmtf.org/schemas/v1/ManagerAccount_v1.xml">
    <edmx:Include Namespace="ManagerAccount"/>
    <edmx:Include Namespace="ManagerAccount.v1_12_1"/>
  </edmx:Reference>
  <edmx:Reference Uri="http://redfish.dmtf.org/schemas/v1/ManagerAccountCollection_v1.xml">
    <edmx:Include Namespace="ManagerAccountCollection"/>
  </edmx:Reference>
  <edmx:Reference Uri="http://redfish.dmtf.org/schemas/v1/Memory_v1.xml">
    <edmx:Include Namespace="Memory"/>
    <edmx:Include Namespace="Memory.v1_20_0"/>
  </edmx:Reference>
  <edmx:Reference Uri="http://redfish.dmtf.org/schemas/v1/MemoryCollection_v1.xml">
    <edmx:Include Namespace="MemoryCollection"/>
  </edmx:Reference>
  <edmx:Reference Uri="http://redfish.dmtf.org/schemas/v1/Message_v1.xml">
    <edmx:Include Namespace="Message"/>
    <edmx:Include Namespace="Message.v1_2_1"/>
  </edmx:Reference>
  <edmx:Reference Uri="http://redfish.dmtf.org/schemas/v1/NetworkInterface_v1.xml">
    <edmx:Include Namespace="NetworkInterface"/>
    <edmx:Include Namespace="NetworkInterface.v1_2_2"/>
  </edmx:Reference>
  <edmx:Reference Uri="http://redfish.dmtf.org/schemas/v1/NetworkInterfaceCollection_v1.xml">
    <edmx:Include Namespace="NetworkInterfaceCollection"/>
  </edmx:Reference>
  <edmx:Reference Uri="http://redfish.dmtf.org/schemas/v1/NetworkPort_v1.xml">
    <edmx:Include Namespace="NetworkPort"/>
    <edmx:Include Namespace="NetworkPort.v1_4_3"/>
  </edmx:Reference>
  <edmx:Reference Uri="http://redfish.dmtf.org/schemas/v1/NetworkPortCollection_v1.xml">
    <edmx:Include Namespace="NetworkPortCollection"/>
  </edmx:Reference>
  <edmx:Reference Uri="http://redfish.dmtf.org/schemas/v1/Power_v1.xml">
    <edmx:Include Namespace="Power"/>
    <edmx:Include Namespace="Power.v1_7_3"/>
  </edmx:Reference>
  <edmx:Reference Uri="http://redfish.dmtf.org/schemas/v1/Processor_v1.xml">
    <edmx:Include Namespace="Processor"/>
    <edmx:Include Namespace="Processor.v1_20_0"/>
  </edmx:Reference>
  <edmx:Reference Uri="http://redfish.dmtf.org/schemas/v1/ProcessorCollection_v1.xml">
    <edmx:Include Namespace="ProcessorCollection"/>
  </edmx:Reference>
  <edmx:Reference Uri="http://redfish.dmtf.org/schemas/v1/ResourceBlock_v1.xml">
    <edmx:Include Namespace="ResourceBlock"/>
    <edmx:Include Namespace="ResourceBlock.v1_4_3"/>
  </edmx:Reference>
  <edmx:Reference Uri="http://redfish.dmtf.org/schemas/v1/ResourceBlockCollection_v1.xml">
    <edmx:Include Namespace="ResourceBlockCollection"/>
  </edmx:Reference>
  <edmx:Reference Uri="http://redfish.dmtf.org/schemas/v1/Role_v1.xml">
    <edmx:Include Namespace="Role"/>
    <edmx:Include Namespace="Role.v1_3_2"/>
  </edmx:Reference>
  <edmx:Reference Uri="http://redfish.dmtf.org/schemas/v1/RoleCollection_v1.xml">
    <edmx:Include Namespace="RoleCollection"/>
  </edmx:Reference>
  <edmx:Reference Uri="http://redfish.dmtf.org/schemas/v1/Session_v1.xml">
    <edmx:Include Namespace="Session"/>
    <edmx:Include Namespace="Session.v1_7_2"/>
  </edmx:Reference>
  <edmx:Reference Uri="http://redfish.dmtf.org/schemas/v1/SessionCollection_v1.xml">
    <edmx:Include Namespace="SessionCollection"/>
  </edmx:Reference>
  <edmx:Reference Uri="http://redfish.dmtf.org/schemas/v1/SessionService_v1.xml">
    <edmx:Include Namespace="SessionService"/>
    <edmx:Include Namespace="SessionService.v1_1_9"/>
  </edmx:Reference>
  <edmx:Reference Uri="http://redfish.dmtf.org/schemas/v1/SimpleStorage_v1.xml">
    <edmx:Include Namespace="SimpleStorage"/>
    <edmx:Include Namespace="SimpleStorage.v1_3_2"/>
  </edmx:Reference>
  <edmx:Reference Uri="http://redfish.dmtf.org/schemas/v1/SimpleStorageCollection_v1.xml">
    <edmx:Include Namespace="SimpleStorageCollection"/>
  </edmx:Reference>
  <edmx:Reference Uri="http://redfish.dmtf.org/schemas/v1/Storage_v1.xml">
    <edmx:Include Namespace="Storage"/>
    <edmx:Include Namespace="Storage.v1_16_0"/>
  </edmx:Reference>
  <edmx:Reference Uri="http://redfish.dmtf.org/schemas/v1/StorageCollection_v1.xml">
    <edmx:Include Namespace="StorageCollection"/>
  </edmx:Reference>
  <edmx:Reference Uri="http://redfish.dmtf.org/schemas/v1/Thermal_v1.xml">
    <edmx:Include Namespace="Thermal"/>
    <edmx:Include Namespace="Thermal.v1_7_3"/>
  </edmx:Reference>
  <edmx:Reference Uri="http://redfish.dmtf.org/schemas/v1/VLanNetworkInterface_v1.xml">
    <edmx:Include Namespace="VLanNetworkInterface.v1_3_1"/>
  </edmx:Reference>
  <edmx:Reference Uri="http://redfish.dmtf.org/schemas/v1/Zone_v1.xml">
    <edmx:Include Namespace="Zone"/>
    <edmx:Include Namespace="Zone.v1_6_3"/>
  </edmx:Reference>
  <edmx:Reference Uri="http://redfish.dmtf.org/schemas/v1/ZoneCollection_v1.xml">
    <edmx:Include Namespace="ZoneCollection"/>
  </edmx:Reference>

  <edmx:Reference Uri="http://redfish.dmtf.org/schemas/v1/RedfishExtensions_v1.xml">
    <edmx:Include Namespace="RedfishExtensions.v1_0_0" Alias="Redfish"/>
  </edmx:Reference>

  <edmx:DataServices>
    <Schema xmlns="http://docs.oasis-open.org/odata/ns/edm" Namespace="Service">
      <EntityContainer Name="Service" Extends="ServiceRoot.v1_17_0.ServiceContainer"/>
    </Schema>
  </edmx:DataServices>

</edmx:Edmx>