{
    "@odata.type": "#LeakDetector.v1_1_0.LeakDetector",
    "Id": "Overflow",
    "Name": "Fluid Level Overflow",
    "LeakDetectorType": "FloatSwitch",
    "Status": {
        "State": "Enabled",
        "Health": "OK"
    },
    "DetectorState": "OK",
    "Location": {
        "PartLocation": {
            "Reference": "Top",
            "ServiceLabel": "Reservoir Overflow Switch"
        }
    },
    "PhysicalContext": "Chassis",
    "@odata.id": "/redfish/v1/ThermalEquipment/CDUs/1/LeakDetection/LeakDetectors/Overflow",
    "@Redfish.Copyright": "Copyright 2014-2023 DMTF. For the full DMTF copyright policy, see http://www.dmtf.org/about/policies/copyright."
}