{
    "@odata.type": "#PortCollection.PortCollection",
    "Name": "SAS Port Collection",
    "Members@odata.count": 8,
    "Members": [
        {
            "@odata.id": "/redfish/v1/Fabrics/SAS/Switches/Switch2/Ports/1"
        },
        {
            "@odata.id": "/redfish/v1/Fabrics/SAS/Switches/Switch2/Ports/2"
        },
        {
            "@odata.id": "/redfish/v1/Fabrics/SAS/Switches/Switch2/Ports/3"
        },
        {
            "@odata.id": "/redfish/v1/Fabrics/SAS/Switches/Switch2/Ports/4"
        },
        {
            "@odata.id": "/redfish/v1/Fabrics/SAS/Switches/Switch2/Ports/5"
        },
        {
            "@odata.id": "/redfish/v1/Fabrics/SAS/Switches/Switch2/Ports/6"
        },
        {
            "@odata.id": "/redfish/v1/Fabrics/SAS/Switches/Switch2/Ports/7"
        },
        {
            "@odata.id": "/redfish/v1/Fabrics/SAS/Switches/Switch2/Ports/8"
        }
    ],
    "@odata.id": "/redfish/v1/Fabrics/SAS/Switches/Switch2/Ports",
    "@Redfish.Copyright": "Copyright 2014-2023 DMTF. For the full DMTF copyright policy, see http://www.dmtf.org/about/policies/copyright."
}