{
    "@odata.type": "#PowerSupplyMetrics.v1_1_2.PowerSupplyMetrics",
    "Id": "Metrics",
    "Name": "Metrics for Power Supply 1",
    "Status": {
        "State": "Enabled",
        "Health": "OK"
    },
    "InputVoltage": {
        "DataSourceUri": "/redfish/v1/Chassis/PowerShelf/Sensors/PS1InputVoltage",
        "Reading": 230.2
    },
    "InputCurrentAmps": {
        "DataSourceUri": "/redfish/v1/Chassis/PowerShelf/Sensors/PS1InputCurrent",
        "Reading": 5.19
    },
    "InputPowerWatts": {
        "DataSourceUri": "/redfish/v1/Chassis/PowerShelf/Sensors/PS1InputPower",
        "Reading": 937.4
    },
    "RailVoltage": [
        {
            "DataSourceUri": "/redfish/v1/Chassis/PowerShelf/Sensors/PS1_120VOutput",
            "Reading": 122.3
        },
        {
            "DataSourceUri": "/redfish/v1/Chassis/PowerShelf/Sensors/PS1_DCVOutput",
            "Reading": 49.03
        }
    ],
    "RailCurrentAmps": [
        {
            "DataSourceUri": "/redfish/v1/Chassis/PowerShelf/Sensors/PS1_120VCurrent",
            "Reading": 9.84
        },
        {
            "DataSourceUri": "/redfish/v1/Chassis/PowerShelf/Sensors/PS1_DCCurrent",
            "Reading": 15.25
        }
    ],
    "OutputPowerWatts": {
        "DataSourceUri": "/redfish/v1/Chassis/PowerShelf/Sensors/PS1OutputPower",
        "Reading": 937.4
    },
    "EnergykWh": {
        "DataSourceUri": "/redfish/v1/Chassis/PowerShelf/Sensors/PS1Energy",
        "Reading": 325675
    },
    "FrequencyHz": {
        "DataSourceUri": "/redfish/v1/Chassis/PowerShelf/Sensors/PS1Frequency",
        "Reading": 60
    },
    "TemperatureCelsius": {
        "DataSourceUri": "/redfish/v1/Chassis/PowerShelf/Sensors/PS1Temp",
        "Reading": 43.9
    },
    "FanSpeedPercent": {
        "DataSourceUri": "/redfish/v1/Chassis/PowerShelf/Sensors/PS1Fan",
        "Reading": 68,
        "SpeedRPM": 3290
    },
    "Actions": {
        "#PowerSupplyMetrics.ResetMetrics": {
            "target": "/redfish/v1/Chassis/PowerShelf/PowerSubsystem/PowerSupplies/Bay1/Metrics/PowerSupplyMetrics.ResetMetrics"
        }
    },
    "@odata.id": "/redfish/v1/Chassis/PowerShelf/PowerSubsystem/PowerSupplies/Bay1/Metrics",
    "@Redfish.Copyright": "Copyright 2014-2023 DMTF. For the full DMTF copyright policy, see http://www.dmtf.org/about/policies/copyright."
}