{
    "@odata.type": "#Port.v1_12_0.Port",
    "Id": "3",
    "Name": "SAS Port 3",
    "Description": "SAS Port 3",
    "Status": {
        "State": "Enabled",
        "Health": "OK"
    },
    "PortId": "3",
    "PortProtocol": "SAS",
    "PortType": "BidirectionalPort",
    "CurrentSpeedGbps": 48,
    "Width": 4,
    "MaxSpeedGbps": 48,
    "@odata.id": "/redfish/v1/Fabrics/SAS/Switches/Switch2/Ports/3",
    "@Redfish.Copyright": "Copyright 2014-2023 DMTF. For the full DMTF copyright policy, see http://www.dmtf.org/about/policies/copyright."
}