{
    "@odata.type": "#EnvironmentMetrics.v1_3_2.EnvironmentMetrics",
    "Name": "Chassis Environment Metrics",
    "TemperatureCelsius": {
        "Reading": 39,
        "DataSourceUri": "/redfish/v1/Chassis/1U/Sensors/CPU1Temp"
    },
    "PowerWatts": {
        "Reading": 374,
        "DataSourceUri": "/redfish/v1/Chassis/1U/Sensors/TotalPower"
    },
    "FanSpeedsPercent": [
        {
            "DeviceName": "Chassis Fan #1",
            "Reading": 45,
            "SpeedRPM": 1900,
            "DataSourceUri": "/redfish/v1/Chassis/1U/Sensors/FanBay1"
        },
        {
            "DeviceName": "Chassis Fan #2",
            "Reading": 55,
            "SpeedRPM": 2100,
            "DataSourceUri": "/redfish/v1/Chassis/1U/Sensors/FanBay2"
        }
    ],
    "@odata.id": "/redfish/v1/Chassis/1U/EnvironmentMetrics",
    "@Redfish.Copyright": "Copyright 2014-2023 DMTF. For the full DMTF copyright policy, see http://www.dmtf.org/about/policies/copyright."
}