{
    "@odata.type": "#Facility.v1_4_2.Facility",
    "Id": "Room237",
    "Name": "Room #237, 2nd Floor",
    "FacilityType": "Room",
    "Status": {
        "State": "Enabled",
        "Health": "OK"
    },
    "Location": {
        "PostalAddress": {
            "Country": "US",
            "Territory": "OR",
            "City": "Portland",
            "Street": "1001 SW 5th Avenue",
            "HouseNumber": 1001,
            "Name": "DMTF, Inc.",
            "PostalCode": "97204",
            "Floor": "2",
            "Room": "237"
        }
    },
    "PowerDomains": {
        "@odata.id": "/redfish/v1/Facilities/Room237/PowerDomains"
    },
    "Links": {
        "ContainedByFacility": {
            "@odata.id": "/redfish/v1/Facilities/Building"
        },
        "PowerShelves": [
            {
                "@odata.id": "/redfish/v1/PowerEquipment/PowerShelves/1"
            }
        ]
    },
    "@odata.id": "/redfish/v1/Facilities/Room237",
    "@Redfish.Copyright": "Copyright 2014-2023 DMTF. For the full DMTF copyright policy, see http://www.dmtf.org/about/policies/copyright."
}