{
    "@odata.type": "#Endpoint.v1_8_2.Endpoint",
    "Id": "Drive1",
    "Name": "SAS Drive",
    "Description": "The SAS Drive in Enclosure 2 Bay 0",
    "EndpointProtocol": "SAS",
    "ConnectedEntities": [
        {
            "EntityType": "Drive",
            "EntityRole": "Target",
            "Identifiers": [
                {
                    "DurableNameFormat": "NAA",
                    "DurableName": "32ADF365C6C1B7C3"
                }
            ]
        }
    ],
    "Links": {
        "MutuallyExclusiveEndpoints": [
            {
                "@odata.id": "/redfish/v1/Fabrics/SAS/Endpoints/Enclosure2"
            }
        ],
        "ConnectedPorts": [
            {
                "@odata.id": "/redfish/v1/Fabrics/SAS/Switches/Switch1/Ports/8"
            },
            {
                "@odata.id": "/redfish/v1/Fabrics/SAS/Switches/Switch2/Ports/8"
            }
        ]
    },
    "@odata.id": "/redfish/v1/Fabrics/SAS/Endpoints/Drive1",
    "@Redfish.Copyright": "Copyright 2014-2023 DMTF. For the full DMTF copyright policy, see http://www.dmtf.org/about/policies/copyright."
}