{
    "@odata.type": "#Chassis.v1_25_1.Chassis",
    "Id": "PowerShelf",
    "Name": "Power Shelf Chassis",
    "Version": "1.01a",
    "Manufacturer": "Contoso",
    "Model": "ZAP33000",
    "SerialNumber": "29347ZT536",
    "PartNumber": "AA-23",
    "UUID": "32354641-4135-4332-4a35-313735303734",
    "AssetTag": "PDX-92381",
    "Status": {
        "State": "Enabled",
        "Health": "OK",
        "Conditions": []
    },
    "Location": {
        "Placement": {
            "Row": "North 1",
            "Rack": "42"
        }
    },
    "PowerSubsystem": {
        "@odata.id": "/redfish/v1/Chassis/PowerShelf/Sensors"
    },
    "EnvironmentMetrics": {
        "@odata.id": "/redfish/v1/Chassis/PowerShelf/EnvironmentMetrics"
    },
    "Links": {
        "PowerDistribution": {
            "@odata.id": "/redfish/v1/PowerEquipment/PowerShelves/1"
        },
        "Facility": {
            "@odata.id": "/redfish/v1/Facilities/Room237"
        },
        "ManagedBy": [
            {
                "@odata.id": "/redfish/v1/Managers/BMC"
            }
        ],
        "ManagersInChassis": [
            {
                "@odata.id": "/redfish/v1/Managers/BMC"
            }
        ]
    },
    "@odata.id": "/redfish/v1/Chassis/PowerShelf",
    "@Redfish.Copyright": "Copyright 2014-2023 DMTF. For the full DMTF copyright policy, see http://www.dmtf.org/about/policies/copyright."
}