{
    "@odata.type": "#Power.v1_7_3.Power",
    "Id": "Power",
    "Name": "Power",
    "PowerControl": [],
    "Voltages": [],
    "PowerSupplies": [
        {
            "@odata.id": "/redfish/v1/Chassis/Switch2/Power#/PowerSupplies/0",
            "MemberId": "0",
            "Name": "Power Supply Bay",
            "Status": {
                "State": "Enabled",
                "Health": "OK"
            },
            "PowerSupplyType": "AC",
            "LineInputVoltageType": "ACWideRange",
            "LineInputVoltage": 120,
            "PowerCapacityWatts": 800,
            "LastPowerOutputWatts": 325,
            "Model": "499253-B21",
            "Manufacturer": "ManufacturerName",
            "FirmwareVersion": "1.00",
            "SerialNumber": "1Z0000001",
            "PartNumber": "0000001A3A",
            "SparePartNumber": "0000001A3A",
            "InputRanges": [
                {
                    "InputType": "AC",
                    "MinimumVoltage": 100,
                    "MaximumVoltage": 120,
                    "OutputWattage": 800
                },
                {
                    "InputType": "AC",
                    "MinimumVoltage": 200,
                    "MaximumVoltage": 240,
                    "OutputWattage": 1300
                }
            ],
            "RelatedItem": [
                {
                    "@odata.id": "/redfish/v1/Chassis/Switch2"
                },
                {
                    "@odata.id": "/redfish/v1/Fabrics/SAS/Switches/Switch2"
                }
            ]
        }
    ],
    "@odata.id": "/redfish/v1/Chassis/Switch2/Power",
    "@Redfish.Copyright": "Copyright 2014-2023 DMTF. For the full DMTF copyright policy, see http://www.dmtf.org/about/policies/copyright."
}