{
    "@odata.type": "#NetworkAdapterMetrics.v1_1_0.NetworkAdapterMetrics",
    "Id": "NetworkAdapterMetrics",
    "Name": "Network Adapter Metrics",
    "HostBusRXPercent": 35.53,
    "HostBusTXPercent": 14.17,
    "CPUCorePercent": 8.35,
    "NCSIRXFrames": 0,
    "NCSITXFrames": 0,
    "NCSIRXBytes": 0,
    "NCSITXBytes": 0,
    "RXBytes": 7754199970,
    "RXMulticastFrames": 1941,
    "RXUnicastFrames": 27193387,
    "TXBytes": 9436506547,
    "TXMulticastFrames": 153,
    "TXUnicastFrames": 18205770,
    "@odata.id": "/redfish/v1/Chassis/1U/NetworkAdapters/Slot1/Metrics",
    "@Redfish.Copyright": "Copyright 2014-2023 DMTF. For the full DMTF copyright policy, see http://www.dmtf.org/about/policies/copyright."
}