{
    "@odata.type": "#Outlet.v1_4_3.Outlet",
    "Id": "A4",
    "Name": "Outlet A4",
    "VoltageType": "AC",
    "OutletType": "BusConnection",
    "RatedCurrentAmps": 20,
    "NominalVoltage": "AC240V",
    "ElectricalConsumerNames": [
        "Power Shelf"
    ],
    "Links": {
        "BranchCircuit": {
            "@odata.id": "/redfish/v1/PowerEquipment/ElectricalBuses/Busway/Mains/AC"
        },
        "DistributionCircuits": [
            {
                "@odata.id": "/redfish/v1/PowerEquipment/PowerShelves/1/Mains/AC1"
            }
        ]
    },
    "@odata.id": "/redfish/v1/PowerEquipment/ElectricalBuses/Busway/Outlets/A4",
    "@Redfish.Copyright": "Copyright 2014-2023 DMTF. For the full DMTF copyright policy, see http://www.dmtf.org/about/policies/copyright."
}