{
    "@odata.type": "#Sensor.v1_9_0.Sensor",
    "Id": "PS2Energy",
    "Name": "Power Supply #2 Energy",
    "ReadingType": "EnergykWh",
    "ElectricalContext": "Total",
    "Status": {
        "State": "Absent"
    },
    "PhysicalContext": "PowerSupply",
    "Actions": {
        "#Sensor.ResetMetrics": {
            "target": "/redfish/v1/Chassis/1U/Sensors/PS2Energy/Actions/Sensor.ResetMetrics"
        }
    },
    "@odata.id": "/redfish/v1/Chassis/1U/Sensors/PS2Energy",
    "@Redfish.Copyright": "Copyright 2014-2023 DMTF. For the full DMTF copyright policy, see http://www.dmtf.org/about/policies/copyright."
}