{
    "@odata.type": "#Endpoint.v1_8_2.Endpoint",
    "Id": "Initiator2",
    "Name": "NVMe-oF Initiator (Host)",
    "EndpointProtocol": "NVMeOverFabrics",
    "Identifiers": [
        {
            "DurableName": "host.corp.com:nvme:nvm-subsys-sn-9254",
            "DurableNameFormat": "NQN"
        }
    ],
    "ConnectedEntities": [
        {
            "EntityType": "NetworkController",
            "EntityRole": "Initiator"
        }
    ],
    "IPTransportDetails": [
        {
            "TransportProtocol": "TCP",
            "IPv4Address": {
                "Address": "10.3.5.233"
            },
            "Port": 13244
        }
    ],
    "Links": {
        "Connections": [
            {
                "@odata.id": "/redfish/v1/Fabrics/NVMeoF/Connections/2"
            }
        ]
    },
    "@odata.id": "/redfish/v1/Fabrics/NVMeoF/Endpoints/Initiator2",
    "@Redfish.Copyright": "Copyright 2014-2023 DMTF. For the full DMTF copyright policy, see http://www.dmtf.org/about/policies/copyright."
}