{
    "@odata.type": "#Role.v1_3_2.Role",
    "Id": "Administrator",
    "Name": "User Role",
    "Description": "Admin User Role",
    "IsPredefined": true,
    "AssignedPrivileges": [
        "Login",
        "ConfigureManager",
        "ConfigureUsers",
        "ConfigureSelf",
        "ConfigureComponents"
    ],
    "OemPrivileges": [
        "OemClearLog",
        "OemPowerControl"
    ],
    "@odata.id": "/redfish/v1/AccountService/Roles/Admin",
    "@Redfish.Copyright": "Copyright 2014-2023 DMTF. For the full DMTF copyright policy, see http://www.dmtf.org/about/policies/copyright."
}