{
    "name": "Power Shelf",
    "description": "This example shows an example power shelf with connections to an electrical bus.",
    "navlinks": [
        {
            "text": "Main",
            "target": "main"
        },
        {
            "text": "Power Equipment",
            "target": "PowerEquipment",
            "navlinks": [
                {
                    "text": "default",
                    "target": "default"
                }
            ]
        },
        {
            "text": "Managers",
            "target": "Managers",
            "navlinks": [
                {
                    "text": "BMC",
                    "target": "BMC"
                }
            ]
        },
        {
            "text": "Task Service",
            "target": "TaskService"
        },
        {
            "text": "Session Service",
            "target": "SessionService"
        },
        {
            "target": "AccountService",
            "text": "Account Service"
        },
        {
            "target": "EventService",
            "text": "Event Service",
            "navlinks": [
                {
                    "text": "Subscriptions",
                    "target": "Subscriptions"
                }
            ]
        }
    ]
}