{
    "@odata.type": "#Chassis.v1_25_1.Chassis",
    "Id": "ComposableModule4",
    "Name": "Composable Drive Module",
    "ChassisType": "Module",
    "Manufacturer": "Contoso",
    "Model": "COMP9300",
    "SKU": "159300",
    "SerialNumber": "CONTSN85482758",
    "PartNumber": "CONTPN009-230",
    "AssetTag": null,
    "PowerState": "On",
    "IndicatorLED": "Off",
    "Status": {
        "State": "Enabled",
        "Health": "OK"
    },
    "Links": {
        "ComputerSystems": [],
        "ManagedBy": [
            {
                "@odata.id": "/redfish/v1/Managers/1"
            }
        ],
        "ContainedBy": {
            "@odata.id": "/redfish/v1/Chassis/ComposableEnclosure"
        },
        "ResourceBlocks": [
            {
                "@odata.id": "/redfish/v1/CompositionService/ResourceBlocks/DriveBlock7"
            }
        ]
    },
    "@odata.id": "/redfish/v1/Chassis/ComposableModule4",
    "@Redfish.Copyright": "Copyright 2014-2023 DMTF. For the full DMTF copyright policy, see http://www.dmtf.org/about/policies/copyright."
}