{
    "@odata.type": "#Endpoint.v1_8_2.Endpoint",
    "Id": "Drive3",
    "Name": "SAS Drive",
    "Description": "The Empty Enclosure 2 Bay 2",
    "EndpointProtocol": "SAS",
    "ConnectedEntities": [
        {
            "EntityType": "Drive",
            "EntityRole": "Target",
            "Identifiers": []
        }
    ],
    "Links": {
        "MutuallyExclusiveEndpoints": [
            {
                "@odata.id": "/redfish/v1/Fabrics/SAS/Endpoints/Enclosure2"
            }
        ],
        "ConnectedPorts": [
            {
                "@odata.id": "/redfish/v1/Fabrics/SAS/Switches/Switch1/Ports/8"
            },
            {
                "@odata.id": "/redfish/v1/Fabrics/SAS/Switches/Switch2/Ports/8"
            }
        ]
    },
    "@odata.id": "/redfish/v1/Fabrics/SAS/Endpoints/Drive3",
    "@Redfish.Copyright": "Copyright 2014-2023 DMTF. For the full DMTF copyright policy, see http://www.dmtf.org/about/policies/copyright."
}