{
    "@odata.type": "#Chassis.v1_25_1.Chassis",
    "Id": "ComposableModule3",
    "Name": "Composable Drive Module",
    "ChassisType": "Module",
    "Manufacturer": "Contoso",
    "Model": "COMP9200",
    "SKU": "159200",
    "SerialNumber": "CONTSN85482757",
    "PartNumber": "CONTPN009-220",
    "AssetTag": null,
    "PowerState": "On",
    "IndicatorLED": "Off",
    "Status": {
        "State": "Enabled",
        "Health": "OK"
    },
    "Links": {
        "ComputerSystems": [
            {
                "@odata.id": "/redfish/v1/Systems/ComposedSystem"
            }
        ],
        "ManagedBy": [
            {
                "@odata.id": "/redfish/v1/Managers/1"
            }
        ],
        "ContainedBy": {
            "@odata.id": "/redfish/v1/Chassis/ComposableEnclosure"
        },
        "ResourceBlocks": [
            {
                "@odata.id": "/redfish/v1/CompositionService/ResourceBlocks/DriveBlock3"
            },
            {
                "@odata.id": "/redfish/v1/CompositionService/ResourceBlocks/DriveBlock4"
            },
            {
                "@odata.id": "/redfish/v1/CompositionService/ResourceBlocks/DriveBlock5"
            },
            {
                "@odata.id": "/redfish/v1/CompositionService/ResourceBlocks/DriveBlock6"
            }
        ]
    },
    "@odata.id": "/redfish/v1/Chassis/ComposableModule3",
    "@Redfish.Copyright": "Copyright 2014-2023 DMTF. For the full DMTF copyright policy, see http://www.dmtf.org/about/policies/copyright."
}