{
    "@odata.type": "#PowerSupply.v1_6_0.PowerSupply",
    "Id": "Bay1",
    "Name": "Power Supply Bay 1",
    "Status": {
        "State": "Enabled",
        "Health": "OK"
    },
    "LineInputStatus": "Normal",
    "Model": "RKS-440DC",
    "Manufacturer": "Contoso Power",
    "FirmwareVersion": "1.00",
    "SerialNumber": "3488247",
    "PartNumber": "23456-133",
    "SparePartNumber": "93284-133",
    "LocationIndicatorActive": false,
    "HotPluggable": true,
    "PowerCapacityWatts": 2000,
    "PhaseWiringType": "OnePhase3Wire",
    "PlugType": "IEC_60320_C14",
    "InputRanges": [
        {
            "NominalVoltageType": "AC200To240V",
            "CapacityWatts": 2000
        },
        {
            "NominalVoltageType": "AC120V",
            "CapacityWatts": 1200
        }
    ],
    "EfficiencyRatings": [
        {
            "LoadPercent": 25,
            "EfficiencyPercent": 75
        },
        {
            "LoadPercent": 50,
            "EfficiencyPercent": 85
        },
        {
            "LoadPercent": 90,
            "EfficiencyPercent": 80
        }
    ],
    "OutputRails": [
        {
            "NominalVoltage": 48,
            "PhysicalContext": "DCBus"
        },
        {
            "NominalVoltage": 120,
            "PhysicalContext": "ACOutput"
        }
    ],
    "Location": {
        "PartLocation": {
            "ServiceLabel": "PSU 1",
            "LocationType": "Bay",
            "LocationOrdinalValue": 0
        }
    },
    "Assembly": {
        "@odata.id": "/redfish/v1/Chassis/PowerShelf/PowerSubsystem/PowerSupplies/Bay1/Assembly"
    },
    "Metrics": {
        "@odata.id": "/redfish/v1/Chassis/PowerShelf/PowerSubsystem/PowerSupplies/Bay1/Metrics"
    },
    "Actions": {
        "#PowerSupply.Reset": {
            "target": "/redfish/v1/Chassis/PowerShelf/PowerSubsystem/PowerSupplies/Bay1/PowerSupply.Reset"
        }
    },
    "@odata.id": "/redfish/v1/Chassis/PowerShelf/PowerSubsystem/PowerSupplies/Bay1",
    "@Redfish.Copyright": "Copyright 2014-2023 DMTF. For the full DMTF copyright policy, see http://www.dmtf.org/about/policies/copyright."
}