{
    "@odata.type": "#Sensor.v1_9_0.Sensor",
    "Id": "SecondaryFlow",
    "Name": "Secondary Flow",
    "ReadingType": "LiquidFlowLPM",
    "Status": {
        "State": "Enabled",
        "Health": "OK"
    },
    "Reading": 79.6,
    "ReadingUnits": "L/min",
    "ReadingRangeMin": 0,
    "ReadingRangeMax": 200,
    "ReadingBasis": "Zero",
    "SensingInterval": "PT5S",
    "PhysicalContext": "Chassis",
    "@odata.id": "/redfish/v1/Chassis/CDU/Sensors/SecondaryFlow",
    "@Redfish.Copyright": "Copyright 2014-2023 DMTF. For the full DMTF copyright policy, see http://www.dmtf.org/about/policies/copyright."
}