{
    "@odata.type": "#Thermal.v1_7_3.Thermal",
    "Id": "Thermal",
    "Name": "Composable Enclosure Thermal",
    "Temperatures": [
        {
            "@odata.id": "/redfish/v1/Chassis/ComposableEnclosure/Thermal#/Temperatures/0",
            "MemberId": "0",
            "Name": "Chassis Intake",
            "Status": {
                "State": "Enabled",
                "Health": "OK"
            },
            "ReadingCelsius": 24,
            "UpperThresholdNonCritical": 35,
            "UpperThresholdCritical": 42,
            "UpperThresholdFatal": 50,
            "MinReadingRangeTemp": 0,
            "MaxReadingRangeTemp": 60,
            "PhysicalContext": "Intake",
            "RelatedItem": [
                {
                    "@odata.id": "/redfish/v1/Chassis/ComposableEnclosure"
                },
                {
                    "@odata.id": "/redfish/v1/Chassis/ComposableModule1"
                },
                {
                    "@odata.id": "/redfish/v1/Chassis/ComposableModule2"
                },
                {
                    "@odata.id": "/redfish/v1/Chassis/ComposableModule3"
                },
                {
                    "@odata.id": "/redfish/v1/Chassis/ComposableModule4"
                },
                {
                    "@odata.id": "/redfish/v1/Chassis/ComposableModule5"
                },
                {
                    "@odata.id": "/redfish/v1/Chassis/ComposableModule6"
                }
            ]
        }
    ],
    "Fans": [
        {
            "@odata.id": "/redfish/v1/Chassis/ComposableEnclosure/Thermal#/Fans/0",
            "MemberId": "0",
            "Name": "System Fan 0",
            "PhysicalContext": "Front",
            "Status": {
                "State": "Enabled",
                "Health": "OK"
            },
            "Reading": 15100,
            "ReadingUnits": "RPM",
            "LowerThresholdFatal": 3000,
            "MinReadingRange": 0,
            "MaxReadingRange": 16000,
            "Redundancy": [
                {
                    "@odata.id": "/redfish/v1/Chassis/ComposableEnclosure/Thermal#/Redundancy/0"
                }
            ],
            "RelatedItem": [
                {
                    "@odata.id": "/redfish/v1/Chassis/ComposableEnclosure"
                },
                {
                    "@odata.id": "/redfish/v1/Chassis/ComposableModule1"
                },
                {
                    "@odata.id": "/redfish/v1/Chassis/ComposableModule2"
                },
                {
                    "@odata.id": "/redfish/v1/Chassis/ComposableModule3"
                },
                {
                    "@odata.id": "/redfish/v1/Chassis/ComposableModule4"
                },
                {
                    "@odata.id": "/redfish/v1/Chassis/ComposableModule5"
                },
                {
                    "@odata.id": "/redfish/v1/Chassis/ComposableModule6"
                }
            ]
        },
        {
            "@odata.id": "/redfish/v1/Chassis/ComposableEnclosure/Thermal#/Fans/1",
            "MemberId": "1",
            "Name": "System Fan 1",
            "PhysicalContext": "Front",
            "Status": {
                "State": "Enabled",
                "Health": "OK"
            },
            "Reading": 14800,
            "ReadingUnits": "RPM",
            "LowerThresholdFatal": 3000,
            "MinReadingRange": 0,
            "MaxReadingRange": 16000,
            "Redundancy": [
                {
                    "@odata.id": "/redfish/v1/Chassis/ComposableEnclosure/Thermal#/Redundancy/0"
                }
            ],
            "RelatedItem": [
                {
                    "@odata.id": "/redfish/v1/Chassis/ComposableEnclosure"
                },
                {
                    "@odata.id": "/redfish/v1/Chassis/ComposableModule1"
                },
                {
                    "@odata.id": "/redfish/v1/Chassis/ComposableModule2"
                },
                {
                    "@odata.id": "/redfish/v1/Chassis/ComposableModule3"
                },
                {
                    "@odata.id": "/redfish/v1/Chassis/ComposableModule4"
                },
                {
                    "@odata.id": "/redfish/v1/Chassis/ComposableModule5"
                },
                {
                    "@odata.id": "/redfish/v1/Chassis/ComposableModule6"
                }
            ]
        },
        {
            "@odata.id": "/redfish/v1/Chassis/ComposableEnclosure/Thermal#/Fans/2",
            "MemberId": "2",
            "Name": "System Fan 2",
            "PhysicalContext": "Front",
            "Status": {
                "State": "Enabled",
                "Health": "Critical"
            },
            "Reading": 0,
            "ReadingUnits": "RPM",
            "LowerThresholdFatal": 3000,
            "MinReadingRange": 0,
            "MaxReadingRange": 16000,
            "Redundancy": [
                {
                    "@odata.id": "/redfish/v1/Chassis/ComposableEnclosure/Thermal#/Redundancy/0"
                }
            ],
            "RelatedItem": [
                {
                    "@odata.id": "/redfish/v1/Chassis/ComposableEnclosure"
                },
                {
                    "@odata.id": "/redfish/v1/Chassis/ComposableModule1"
                },
                {
                    "@odata.id": "/redfish/v1/Chassis/ComposableModule2"
                },
                {
                    "@odata.id": "/redfish/v1/Chassis/ComposableModule3"
                },
                {
                    "@odata.id": "/redfish/v1/Chassis/ComposableModule4"
                },
                {
                    "@odata.id": "/redfish/v1/Chassis/ComposableModule5"
                },
                {
                    "@odata.id": "/redfish/v1/Chassis/ComposableModule6"
                }
            ]
        },
        {
            "@odata.id": "/redfish/v1/Chassis/ComposableEnclosure/Thermal#/Fans/3",
            "MemberId": "3",
            "Name": "System Fan 3",
            "PhysicalContext": "Front",
            "Status": {
                "State": "Enabled",
                "Health": "OK"
            },
            "Reading": 15000,
            "ReadingUnits": "RPM",
            "LowerThresholdFatal": 3000,
            "MinReadingRange": 0,
            "MaxReadingRange": 16000,
            "Redundancy": [
                {
                    "@odata.id": "/redfish/v1/Chassis/ComposableEnclosure/Thermal#/Redundancy/0"
                }
            ],
            "RelatedItem": [
                {
                    "@odata.id": "/redfish/v1/Chassis/ComposableEnclosure"
                },
                {
                    "@odata.id": "/redfish/v1/Chassis/ComposableModule1"
                },
                {
                    "@odata.id": "/redfish/v1/Chassis/ComposableModule2"
                },
                {
                    "@odata.id": "/redfish/v1/Chassis/ComposableModule3"
                },
                {
                    "@odata.id": "/redfish/v1/Chassis/ComposableModule4"
                },
                {
                    "@odata.id": "/redfish/v1/Chassis/ComposableModule5"
                },
                {
                    "@odata.id": "/redfish/v1/Chassis/ComposableModule6"
                }
            ]
        }
    ],
    "Redundancy": [
        {
            "@odata.id": "/redfish/v1/Chassis/ComposableEnclosure/Thermal#/Redundancy/0",
            "MemberId": "0",
            "Name": "System Fans",
            "RedundancySet": [
                {
                    "@odata.id": "/redfish/v1/Chassis/ComposableEnclosure/Thermal#/Fans/0"
                },
                {
                    "@odata.id": "/redfish/v1/Chassis/ComposableEnclosure/Thermal#/Fans/1"
                },
                {
                    "@odata.id": "/redfish/v1/Chassis/ComposableEnclosure/Thermal#/Fans/2"
                },
                {
                    "@odata.id": "/redfish/v1/Chassis/ComposableEnclosure/Thermal#/Fans/3"
                }
            ],
            "Mode": "N+m",
            "Status": {
                "State": "Enabled",
                "Health": "Warning"
            },
            "MinNumNeeded": 3,
            "MaxNumSupported": 4
        }
    ],
    "@odata.id": "/redfish/v1/Chassis/ComposableEnclosure/Thermal",
    "@Redfish.Copyright": "Copyright 2014-2023 DMTF. For the full DMTF copyright policy, see http://www.dmtf.org/about/policies/copyright."
}