{
    "@odata.type": "#ManagerNetworkProtocol.v1_10_1.ManagerNetworkProtocol",
    "Id": "NetworkProtocol",
    "Name": "Manager Network Protocol",
    "Description": "Manager Network Service",
    "Status": {
        "State": "Enabled",
        "Health": "OK"
    },
    "HostName": "cdu4",
    "FQDN": "cd4.dmtf.org",
    "HTTP": {
        "ProtocolEnabled": true,
        "Port": 80
    },
    "HTTPS": {
        "ProtocolEnabled": true,
        "Port": 443
    },
    "SSH": {
        "ProtocolEnabled": true,
        "Port": 22
    },
    "SNMP": {
        "ProtocolEnabled": true,
        "Port": 161
    },
    "SSDP": {
        "ProtocolEnabled": true,
        "Port": 1900,
        "NotifyMulticastIntervalSeconds": 600,
        "NotifyTTL": 5,
        "NotifyIPv6Scope": "Site"
    },
    "Telnet": {
        "ProtocolEnabled": true,
        "Port": 23
    },
    "@odata.id": "/redfish/v1/Managers/CDU/NetworkProtocol",
    "@Redfish.Copyright": "Copyright 2014-2023 DMTF. For the full DMTF copyright policy, see http://www.dmtf.org/about/policies/copyright."
}