{
    "@odata.type": "#EndpointCollection.EndpointCollection",
    "Name": "NVMeoF Endpoint Collection",
    "Members@odata.count": 3,
    "Members": [
        {
            "@odata.id": "/redfish/v1/Fabrics/NVMeoF/Endpoints/Target1"
        },
        {
            "@odata.id": "/redfish/v1/Fabrics/NVMeoF/Endpoints/Initiator1"
        },
        {
            "@odata.id": "/redfish/v1/Fabrics/NVMeoF/Endpoints/Initiator2"
        }
    ],
    "@odata.id": "/redfish/v1/Fabrics/NVMeoF/Endpoints",
    "@Redfish.Copyright": "Copyright 2014-2023 DMTF. For the full DMTF copyright policy, see http://www.dmtf.org/about/policies/copyright."
}