{
    "@odata.type": "#Port.v1_12_0.Port",
    "Id": "2",
    "Name": "SAS Port 2",
    "Description": "SAS Port 2",
    "Status": {
        "State": "Enabled",
        "Health": "OK"
    },
    "PortId": "2",
    "PortProtocol": "SAS",
    "PortType": "BidirectionalPort",
    "CurrentSpeedGbps": 24,
    "Width": 4,
    "MaxSpeedGbps": 48,
    "Links": {
        "AssociatedEndpoints": [
            {
                "@odata.id": "/redfish/v1/Fabrics/SAS/Endpoints/Initiator2"
            }
        ]
    },
    "@odata.id": "/redfish/v1/Fabrics/SAS/Switches/Switch1/Ports/2",
    "@Redfish.Copyright": "Copyright 2014-2023 DMTF. For the full DMTF copyright policy, see http://www.dmtf.org/about/policies/copyright."
}