{
    "@odata.type": "#Circuit.v1_8_0.Circuit",
    "Id": "B",
    "Name": "Branch Circuit B",
    "Status": {
        "State": "Enabled",
        "Health": "OK"
    },
    "CircuitType": "Branch",
    "PhaseWiringType": "OnePhase3Wire",
    "NominalVoltage": "AC120V",
    "RatedCurrentAmps": 15,
    "BreakerState": "Normal",
    "Voltage": {
        "DataSourceUri": "/redfish/v1/Chassis/PowerShelf/Sensors/VoltageB",
        "Reading": 121.5
    },
    "CurrentAmps": {
        "DataSourceUri": "/redfish/v1/Chassis/PowerShelf/Sensors/CurrentB",
        "Reading": 5.95
    },
    "PowerWatts": {
        "DataSourceUri": "/redfish/v1/Chassis/PowerShelf/Sensors/PowerB",
        "Reading": 722.1
    },
    "Links": {
        "Outlets": [
            {
                "@odata.id": "/redfish/v1/PowerEquipment/PowerShelves/1/Outlets/B1"
            }
        ]
    },
    "Actions": {
        "#Circuit.BreakerControl": {
            "target": "/redfish/v1/PowerEquipment/PowerShelves/1/Branches/B/Circuit.BreakerControl"
        }
    },
    "@odata.id": "/redfish/v1/PowerEquipment/PowerShelves/1/Branches/B",
    "@Redfish.Copyright": "Copyright 2014-2023 DMTF. For the full DMTF copyright policy, see http://www.dmtf.org/about/policies/copyright."
}