{
    "@odata.type": "#Sensor.v1_9_0.Sensor",
    "Id": "SystemTemperature",
    "Name": "CDU Internal Temperature",
    "ReadingType": "Temperature",
    "Status": {
        "State": "Enabled",
        "Health": "OK"
    },
    "Reading": 24,
    "ReadingUnits": "Cel",
    "ReadingRangeMin": 0,
    "ReadingRangeMax": 75,
    "ReadingBasis": "Zero",
    "SensingInterval": "PT5S",
    "PhysicalContext": "Chassis",
    "Thresholds": {
        "UpperCritical": {
            "Reading": 45,
            "Activation": "Increasing",
            "DwellTime": "PT1M"
        },
        "UpperCaution": {
            "Reading": 35,
            "Activation": "Increasing",
            "DwellTime": "PT1M"
        }
    },
    "@odata.id": "/redfish/v1/Chassis/CDU/Sensors/SystemTemperature",
    "@Redfish.Copyright": "Copyright 2014-2023 DMTF. For the full DMTF copyright policy, see http://www.dmtf.org/about/policies/copyright."
}