{
    "@odata.type": "#Drive.v1_19_0.Drive",
    "Id": "3",
    "Name": "NVMe Drive",
    "IndicatorLED": "Lit",
    "Model": "ST9146802SS",
    "Revision": "S20A",
    "Status": {
        "State": "Enabled",
        "Health": "OK"
    },
    "CapacityBytes": 899527000064,
    "FailurePredicted": false,
    "Protocol": "NVMe",
    "MediaType": "SSD",
    "Manufacturer": "Contoso",
    "SerialNumber": "72D0A037FRD28",
    "PartNumber": "SG0GP8811253178M02GJA00",
    "CapableSpeedGbs": 12,
    "NegotiatedSpeedGbs": 12,
    "Links": {
        "Volumes": [
            {
                "@odata.id": "/redfish/v1/Storage/NVMeoF/Volumes/3"
            },
            {
                "@odata.id": "/redfish/v1/Storage/NVMeoF/Volumes/4"
            }
        ]
    },
    "Actions": {
        "#Drive.SecureErase": {
            "target": "/redfish/v1/Chassis/1/Drives/3/Actions/Drive.SecureErase"
        },
        "#Drive.Reset": {
            "target": "/redfish/v1/Chassis/1/Drives/3/Actions/Drive.Reset"
        }
    },
    "@odata.id": "/redfish/v1/Chassis/1/Drives/3",
    "@Redfish.Copyright": "Copyright 2014-2023 DMTF. For the full DMTF copyright policy, see http://www.dmtf.org/about/policies/copyright."
}