{
    "@odata.type": "#CircuitCollection.CircuitCollection",
    "Name": "Branch Circuit Collection",
    "Members@odata.count": 3,
    "Members": [
        {
            "@odata.id": "/redfish/v1/PowerEquipment/PowerShelves/1/Branches/A"
        },
        {
            "@odata.id": "/redfish/v1/PowerEquipment/PowerShelves/1/Branches/B"
        },
        {
            "@odata.id": "/redfish/v1/PowerEquipment/PowerShelves/1/Branches/DC"
        }
    ],
    "@odata.id": "/redfish/v1/PowerEquipment/PowerShelves/1/Branches",
    "@Redfish.Copyright": "Copyright 2014-2023 DMTF. For the full DMTF copyright policy, see http://www.dmtf.org/about/policies/copyright."
}