{
    "@odata.type": "#NetworkDeviceFunction.v1_9_2.NetworkDeviceFunction",
    "Id": "1",
    "Name": "Network Device Function",
    "NetDevFuncType": "Ethernet",
    "DeviceEnabled": true,
    "NetDevFuncCapabilities": [
        "Ethernet"
    ],
    "Ethernet": {
        "PermanentMACAddress": "00:0C:29:9A:98:ED",
        "MACAddress": "00:0C:29:9A:98:ED",
        "MTUSize": 1500,
        "VLAN": {
            "VLANEnable": false,
            "VLANId": 101
        }
    },
    "AssignablePhysicalPorts": [
        {
            "@odata.id": "/redfish/v1/Chassis/1/NetworkAdapters/1/NetworkPorts/1"
        }
    ],
    "BootMode": "Disabled",
    "Links": {
        "PhysicalPortAssignment": {
            "@odata.id": "/redfish/v1/Chassis/1/NetworkAdapters/1/NetworkPorts/1"
        },
        "Endpoints": [
            {
                "@odata.id": "/redfish/v1/Fabrics/NVMeoF/Endpoints/Target1"
            }
        ]
    },
    "@odata.id": "/redfish/v1/Chassis/1/NetworkAdapters/1/NetworkDeviceFunctions/1",
    "@Redfish.Copyright": "Copyright 2014-2023 DMTF. For the full DMTF copyright policy, see http://www.dmtf.org/about/policies/copyright."
}