{
    "@odata.type": "#Sensor.v1_9_0.Sensor",
    "Id": "PowerMains1",
    "Name": "Mains Power #1",
    "ReadingType": "Power",
    "ElectricalContext": "Total",
    "Status": {
        "State": "Enabled",
        "Health": "OK"
    },
    "Reading": 427.3,
    "ReadingUnits": "W",
    "ReadingRangeMin": 0,
    "ReadingRangeMax": 1200,
    "ApparentVA": 0,
    "ReactiveVAR": 0,
    "PowerFactor": 0.97,
    "Accuracy": 0.2,
    "Precision": 2,
    "SensingInterval": "PT0.25S",
    "PhysicalContext": "Chassis",
    "Thresholds": {
        "UpperCritical": {
            "Reading": 1000,
            "Activation": "Increasing",
            "DwellTime": "PT1M"
        },
        "UpperCaution": {
            "Reading": 800,
            "DwellTime": "PT10M"
        },
        "LowerCaution": {
            "Reading": 20,
            "DwellTime": "PT5M"
        },
        "LowerCritical": {
            "Reading": 5,
            "DwellTime": "PT1M"
        }
    },
    "@odata.id": "/redfish/v1/Chassis/PowerShelf/Sensors/PowerMains1",
    "@Redfish.Copyright": "Copyright 2014-2023 DMTF. For the full DMTF copyright policy, see http://www.dmtf.org/about/policies/copyright."
}