{
    "@odata.type": "#Circuit.v1_8_0.Circuit",
    "Id": "AC2",
    "Name": "Mains AC Input #2",
    "Status": {
        "Health": "OK"
    },
    "CircuitType": "Mains",
    "PhaseWiringType": "OnePhase3Wire",
    "NominalVoltage": "AC200To240V",
    "ElectricalSourceName": "Rack 42 UPS",
    "ElectricalSourceManagerURI": "https://192.168.1.187/login.html",
    "Voltage": {
        "DataSourceUri": "/redfish/v1/Chassis/PowerShelf/Sensors/VoltageMains2",
        "Reading": 222.8
    },
    "CurrentAmps": {
        "DataSourceUri": "/redfish/v1/Chassis/PowerShelf/Sensors/CurrentMains2",
        "Reading": 5.68
    },
    "PowerWatts": {
        "DataSourceUri": "/redfish/v1/Chassis/PowerShelf/Sensors/PowerMains2",
        "Reading": 897.4,
        "ApparentVA": 897.4,
        "ReactiveVAR": 0.1,
        "PowerFactor": 0.99
    },
    "FrequencyHz": {
        "DataSourceUri": "/redfish/v1/Chassis/PowerShelf/Sensors/FreqMains2",
        "Reading": 60.1
    },
    "@odata.id": "/redfish/v1/PowerEquipment/PowerShelves/1/Mains/AC2",
    "@Redfish.Copyright": "Copyright 2014-2023 DMTF. For the full DMTF copyright policy, see http://www.dmtf.org/about/policies/copyright."
}