{
    "@odata.type": "#StorageController.v1_7_3.StorageController",
    "Id": "2",
    "Name": "NVMe IO Controller",
    "Status": {
        "State": "Enabled",
        "Health": "OK"
    },
    "SupportedControllerProtocols": [
        "NVMeOverFabrics"
    ],
    "NVMeControllerProperties": {
        "NVMeVersion": "1.4",
        "ControllerType": "IO",
        "MaxQueueSize": 15,
        "AllocatedCompletionQueues": 64,
        "AllocatedSubmissionQueues": 64,
        "NVMeControllerAttributes": {
            "ReportsUUIDList": false,
            "SupportsSQAssociations": false,
            "ReportsNamespaceGranularity": false,
            "SupportsTrafficBasedKeepAlive": false,
            "SupportsPredictableLatencyMode": false,
            "SupportsEnduranceGroups": false,
            "SupportsReadRecoveryLevels": false,
            "SupportsNVMSets": false,
            "SupportsExceedingPowerOfNonOperationalState": false,
            "Supports128BitHostId": false
        },
        "NVMeSMARTCriticalWarnings": {
            "PMRUnreliable": false,
            "PowerBackupFailed": false,
            "MediaInReadOnly": false,
            "OverallSubsystemDegraded": false,
            "SpareCapacityWornOut": false
        }
    },
    "Links": {
        "Endpoints": [
            {
                "@odata.id": "/redfish/v1/Fabrics/NVMeoF/Endpoints/Initiator2"
            },
            {
                "@odata.id": "/redfish/v1/Fabrics/NVMeoF/Endpoints/Target1"
            }
        ],
        "AttachedVolumes": [
            {
                "@odata.id": "/redfish/v1/Storage/NVMeoF/Volumes/2"
            },
            {
                "@odata.id": "/redfish/v1/Storage/NVMeoF/Volumes/3"
            },
            {
                "@odata.id": "/redfish/v1/Storage/NVMeoF/Volumes/4"
            }
        ]
    },
    "@odata.id": "/redfish/v1/Storage/NVMeoF/Controllers/2",
    "@Redfish.Copyright": "Copyright 2014-2023 DMTF. For the full DMTF copyright policy, see http://www.dmtf.org/about/policies/copyright."
}