{
    "name": "Sample Service with OEM Extensions",
    "description": "A lightweight Redfish service with OEM examples.  The Service Root resource has been extended to have an OEM section.  The service container also has an extension.  The Account Service resource contains and OEM action.  These OEM extensions are defined in the Contoso.com folder of the mockup.",
    "navlinks": [
        {
            "text": "Main",
            "target": "main"
        },
        {
            "target": "AccountService",
            "text": "Account Service"
        },
        {
            "target": "TurboencabulatorService",
            "text": "Turboencabulator Service"
        }
    ]
}