{
    "@odata.type": "#Endpoint.v1_8_2.Endpoint",
    "Id": "Initiator2",
    "Name": "SAS RAID Controller 2",
    "Description": "SAS RAID Controller 2",
    "EndpointProtocol": "SAS",
    "ConnectedEntities": [
        {
            "EntityType": "StorageInitiator",
            "EntityRole": "Initiator",
            "Identifiers": [
                {
                    "DurableNameFormat": "NAA",
                    "DurableName": "32ADF365C6C1B7BE"
                }
            ]
        }
    ],
    "Links": {
        "ConnectedPorts": [
            {
                "@odata.id": "/redfish/v1/Fabrics/SAS/Switches/Switch1/Ports/2"
            },
            {
                "@odata.id": "/redfish/v1/Fabrics/SAS/Switches/Switch2/Ports/2"
            }
        ]
    },
    "@odata.id": "/redfish/v1/Fabrics/SAS/Endpoints/Initiator2",
    "@Redfish.Copyright": "Copyright 2014-2023 DMTF. For the full DMTF copyright policy, see http://www.dmtf.org/about/policies/copyright."
}