{
    "@odata.type": "#DriveCollection.DriveCollection",
    "Name": "Drive Collection",
    "Members@odata.count": 3,
    "Members": [
        {
            "@odata.id": "/redfish/v1/Chassis/1/Drives/1"
        },
        {
            "@odata.id": "/redfish/v1/Chassis/1/Drives/2"
        },
        {
            "@odata.id": "/redfish/v1/Chassis/1/Drives/3"
        }
    ],
    "@odata.id": "/redfish/v1/Chassis/1/Drives",
    "@Redfish.Copyright": "Copyright 2014-2023 DMTF. For the full DMTF copyright policy, see http://www.dmtf.org/about/policies/copyright."
}