{
    "@odata.type": "#Filter.v1_0_2.Filter",
    "Id": "1",
    "Name": "Internal CDU Filter",
    "ServicedDate": "2020-12-24T08:00:00Z",
    "ServiceHours": 5791,
    "RatedServiceHours": 10000,
    "Replaceable": true,
    "HotPluggable": false,
    "Status": {
        "State": "Enabled",
        "Health": "OK"
    },
    "Location": {
        "PartLocation": {
            "Reference": "Rear",
            "ServiceLabel": "Reservoir Intake Filter"
        }
    },
    "@odata.id": "/redfish/v1/ThermalEquipment/CDUs/1/Filters/1",
    "@Redfish.Copyright": "Copyright 2014-2023 DMTF. For the full DMTF copyright policy, see http://www.dmtf.org/about/policies/copyright."
}