{
    "@odata.type": "#ManagerAccount.v1_12_1.ManagerAccount",
    "Id": "root",
    "Name": "UserAccount",
    "Description": "User Account",
    "Enabled": true,
    "Password": null,
    "PasswordChangeRequired": false,
    "AccountTypes": [
        "Redfish"
    ],
    "UserName": "root",
    "RoleId": "Administrator",
    "Locked": false,
    "Links": {
        "Role": {
            "@odata.id": "/redfish/v1/AccountService/Roles/Administrator"
        }
    },
    "@odata.id": "/redfish/v1/AccountService/Accounts/root",
    "@Redfish.Copyright": "Copyright 2014-2023 DMTF. For the full DMTF copyright policy, see http://www.dmtf.org/about/policies/copyright."
}