{
    "@odata.type": "#ComputerSystem.v1_22_1.ComputerSystem",
    "Id": "NVMeoF-SoC",
    "Name": "NVMe-oF Front-end SoC",
    "SystemType": "Physical",
    "Manufacturer": "Contoso",
    "Model": "4000",
    "SubModel": "RX",
    "SerialNumber": "546XR2742R7",
    "PartNumber": "NV4000-RX",
    "Status": {
        "State": "Enabled",
        "Health": "OK"
    },
    "IndicatorLED": "Off",
    "PowerState": "On",
    "Boot": {
        "BootSourceOverrideEnabled": "Once",
        "BootSourceOverrideTarget": "Pxe",
        "BootSourceOverrideTarget@Redfish.AllowableValues": [
            "None",
            "Pxe",
            "Usb",
            "SDCard"
        ]
    },
    "ProcessorSummary": {
        "Count": 1,
        "Model": "ARM Cortex-A72",
        "Status": {
            "State": "Enabled",
            "Health": "OK"
        }
    },
    "MemorySummary": {
        "TotalSystemMemoryGiB": 32,
        "MemoryMirroring": "None",
        "Status": {
            "State": "Enabled",
            "Health": "OK"
        }
    },
    "NetworkInterfaces": {
        "@odata.id": "/redfish/v1/Systems/NVMeoF-SoC/NetworkInterfaces"
    },
    "Links": {
        "Chassis": [
            {
                "@odata.id": "/redfish/v1/Chassis/1"
            }
        ],
        "ManagedBy": [
            {
                "@odata.id": "/redfish/v1/Managers/BMC"
            }
        ]
    },
    "Actions": {
        "#ComputerSystem.Reset": {
            "target": "/redfish/v1/Systems/NVMeoF-SoC/Actions/ComputerSystem.Reset",
            "ResetType@Redfish.AllowableValues": [
                "On",
                "ForceOff",
                "GracefulShutdown",
                "GracefulRestart",
                "ForceRestart",
                "Nmi",
                "ForceOn",
                "PushPowerButton"
            ]
        }
    },
    "@odata.id": "/redfish/v1/Systems/NVMeoF-SoC",
    "@Redfish.Copyright": "Copyright 2014-2023 DMTF. For the full DMTF copyright policy, see http://www.dmtf.org/about/policies/copyright."
}