{
    "@odata.type": "#Sensor.v1_9_0.Sensor",
    "Id": "SecondaryDeltaTemp",
    "Name": "Secondary Delta Temperature",
    "ReadingType": "Temperature",
    "Status": {
        "State": "Enabled",
        "Health": "OK"
    },
    "Reading": 18,
    "ReadingUnits": "Cel",
    "ReadingRangeMin": -100,
    "ReadingRangeMax": 100,
    "ReadingBasis": "Delta",
    "SensingInterval": "PT5S",
    "PhysicalContext": "Chassis",
    "@odata.id": "/redfish/v1/Chassis/CDU/Sensors/SecondaryDeltaTemp",
    "@Redfish.Copyright": "Copyright 2014-2023 DMTF. For the full DMTF copyright policy, see http://www.dmtf.org/about/policies/copyright."
}