{
    "@odata.type": "#Circuit.v1_8_0.Circuit",
    "Id": "AC1",
    "Name": "Mains AC Input #1",
    "Status": {
        "Health": "OK"
    },
    "CircuitType": "Mains",
    "PhaseWiringType": "OnePhase3Wire",
    "NominalVoltage": "AC200To240V",
    "Voltage": {
        "DataSourceUri": "/redfish/v1/Chassis/PowerShelf/Sensors/VoltageMains1",
        "Reading": 222.8
    },
    "CurrentAmps": {
        "DataSourceUri": "/redfish/v1/Chassis/PowerShelf/Sensors/CurrentMains1",
        "Reading": 5.68
    },
    "PowerWatts": {
        "DataSourceUri": "/redfish/v1/Chassis/PowerShelf/Sensors/PowerMains1",
        "Reading": 897.4,
        "ApparentVA": 897.4,
        "ReactiveVAR": 0.1,
        "PowerFactor": 0.99
    },
    "FrequencyHz": {
        "DataSourceUri": "/redfish/v1/Chassis/PowerShelf/Sensors/FreqMains1",
        "Reading": 60.1
    },
    "Links": {
        "PowerOutlet": {
            "@odata.id": "/redfish/v1/PowerEquipment/ElectricalBuses/Busway/Outlets/A4"
        }
    },
    "@odata.id": "/redfish/v1/PowerEquipment/PowerShelves/1/Mains/AC1",
    "@Redfish.Copyright": "Copyright 2014-2023 DMTF. For the full DMTF copyright policy, see http://www.dmtf.org/about/policies/copyright."
}