{
    "@odata.type": "#Sensor.v1_9_0.Sensor",
    "Id": "PS1InputCurrent",
    "Name": "Power Supply #1 Input Current",
    "ReadingType": "Current",
    "ElectricalContext": "Total",
    "Status": {
        "State": "Enabled",
        "Health": "OK"
    },
    "Reading": 8.92,
    "ReadingUnits": "A",
    "ReadingRangeMin": 0,
    "ReadingRangeMax": 40,
    "Accuracy": 0.05,
    "Precision": 2,
    "SensingInterval": "PT0.1S",
    "PhysicalContext": "PowerSupply",
    "PhysicalSubContext": "Input",
    "Thresholds": {
        "UpperCritical": {
            "Reading": 10,
            "Activation": "Increasing",
            "DwellTime": "PT1M"
        },
        "UpperCaution": {
            "Reading": 9,
            "Activation": "Increasing",
            "DwellTime": "PT10M"
        }
    },
    "@odata.id": "/redfish/v1/Chassis/1U/Sensors/PS1InputCurrent",
    "@Redfish.Copyright": "Copyright 2014-2023 DMTF. For the full DMTF copyright policy, see http://www.dmtf.org/about/policies/copyright."
}